id,username,externalId,errorCategories,note
71035983180130,adrian.sinclair7081@example.com,97a337f7-ee91-4984-a41b-eb07e005deff,EXTERNAL_ID_NOT_IN_IDP,"externalId not found in Entra (likely deleted user). Verify in Entra, then deactivate the stale Databricks user. Low risk: cannot log in / no duplicate."
79788842320931,lane.ashford7077@example.com,e269a99b-e983-4ced-a7b1-99483903b93e,EXTERNAL_ID_NOT_IN_IDP,"externalId not found in Entra (likely deleted user). Verify in Entra, then deactivate the stale Databricks user. Low risk: cannot log in / no duplicate."
41742250003998,casey.carlisle0848@example.com,2b824377-7482-43a3-a6b0-4788b401a91d,EXTERNAL_ID_NOT_IN_IDP,"externalId not found in Entra (likely deleted user). Verify in Entra, then deactivate the stale Databricks user. Low risk: cannot log in / no duplicate."
11093237671097,gray.langley4406@example.com,6f68daee-ac0b-4fe9-a974-54cdf997e94b,EXTERNAL_ID_NOT_IN_IDP,"externalId not found in Entra (likely deleted user). Verify in Entra, then deactivate the stale Databricks user. Low risk: cannot log in / no duplicate."
92000660643067,nico.norwood9166@example.com,0055e95b-3039-438e-a10a-0ac8c45199af,EXTERNAL_ID_NOT_IN_IDP,"externalId not found in Entra (likely deleted user). Verify in Entra, then deactivate the stale Databricks user. Low risk: cannot log in / no duplicate."
39910354175925,jordan.fenwick7360@example.com,7c523b45-df24-48bd-a737-e4590d5a86aa,EXTERNAL_ID_NOT_IN_IDP,"externalId not found in Entra (likely deleted user). Verify in Entra, then deactivate the stale Databricks user. Low risk: cannot log in / no duplicate."
90505310981678,tatum.carlisle1700@example.com,9d9d9e0f-cbbd-4454-a6a6-f0e18d27673f,EXTERNAL_ID_NOT_IN_IDP,"externalId not found in Entra (likely deleted user). Verify in Entra, then deactivate the stale Databricks user. Low risk: cannot log in / no duplicate."
40264205760389,phoenix.hollister3723@example.com,f45307bb-1d17-4a22-a6f0-061e2209ee87,EXTERNAL_ID_NOT_IN_IDP,"externalId not found in Entra (likely deleted user). Verify in Entra, then deactivate the stale Databricks user. Low risk: cannot log in / no duplicate."
97030318356468,skyler.brennan8103@example.com,acc265c6-8894-49a6-a36a-e7cf346d86c8,EXTERNAL_ID_NOT_IN_IDP,"externalId not found in Entra (likely deleted user). Verify in Entra, then deactivate the stale Databricks user. Low risk: cannot log in / no duplicate."
76157492799373,finley.vance2221@example.com,71cc65f8-8a16-4429-a8be-50f16746111e,EXTERNAL_ID_NOT_IN_IDP,"externalId not found in Entra (likely deleted user). Verify in Entra, then deactivate the stale Databricks user. Low risk: cannot log in / no duplicate."
954477938270599,quinn.pemberton7125@example.com,7001a89f-8475-400b-ab4c-d42b091d07b5,EXTERNAL_ID_NOT_IN_IDP,"externalId not found in Entra (likely deleted user). Verify in Entra, then deactivate the stale Databricks user. Low risk: cannot log in / no duplicate."
520288664427456,hayden.darrow6918@example.com,ff8b7f40-5dc4-42fa-af8e-a7b4ebc5b9d1,EXTERNAL_ID_NOT_IN_IDP,"externalId not found in Entra (likely deleted user). Verify in Entra, then deactivate the stale Databricks user. Low risk: cannot log in / no duplicate."
201303357283201,logan.brennan8600@example.com,8ed82dc4-c472-4052-ab65-5746e9fd5b26,EXTERNAL_ID_NOT_IN_IDP,"externalId not found in Entra (likely deleted user). Verify in Entra, then deactivate the stale Databricks user. Low risk: cannot log in / no duplicate."
774772623726690,kai.hawthorne8224@example.com,8bf1a632-23eb-42f5-a261-ab9163346a5a,EXTERNAL_ID_NOT_IN_IDP,"externalId not found in Entra (likely deleted user). Verify in Entra, then deactivate the stale Databricks user. Low risk: cannot log in / no duplicate."
219308393386620,morgan.radcliffe2330@example.com,1f7790ae-396c-4998-aef7-d0d00b167186,EXTERNAL_ID_NOT_IN_IDP,"externalId not found in Entra (likely deleted user). Verify in Entra, then deactivate the stale Databricks user. Low risk: cannot log in / no duplicate."
390594452725271,hayden.ashford8057@example.com,7c327815-11cf-44d2-a275-478a2fd1bed3,EXTERNAL_ID_NOT_IN_IDP,"externalId not found in Entra (likely deleted user). Verify in Entra, then deactivate the stale Databricks user. Low risk: cannot log in / no duplicate."
160455081864586,jordan.whitfield8296@example.com,5415aa48-589d-4d89-a1c5-198b1eddd6fb,EXTERNAL_ID_NOT_IN_IDP,"externalId not found in Entra (likely deleted user). Verify in Entra, then deactivate the stale Databricks user. Low risk: cannot log in / no duplicate."
517618847225045,jamie.brennan0479@example.com,8ee284ce-a61e-44e1-ab54-2b326c0a5728,EXTERNAL_ID_NOT_IN_IDP,"externalId not found in Entra (likely deleted user). Verify in Entra, then deactivate the stale Databricks user. Low risk: cannot log in / no duplicate."
508488475931840,phoenix.brennan8100@example.com,7eecbc77-6097-43e1-acb9-f9430d0c3b81,EXTERNAL_ID_NOT_IN_IDP,"externalId not found in Entra (likely deleted user). Verify in Entra, then deactivate the stale Databricks user. Low risk: cannot log in / no duplicate."
921573501946125,parker.prescott3690@example.com,ec256640-cb99-497b-acd9-7fa30e32c30f,EXTERNAL_ID_NOT_IN_IDP,"externalId not found in Entra (likely deleted user). Verify in Entra, then deactivate the stale Databricks user. Low risk: cannot log in / no duplicate."
787776108113586,micah.ashford6135@example.com,1066250c-74a3-42dd-a742-e96fb91f052f,EXTERNAL_ID_NOT_IN_IDP,"externalId not found in Entra (likely deleted user). Verify in Entra, then deactivate the stale Databricks user. Low risk: cannot log in / no duplicate."
583383754353028,harper.hawthorne9768@example.com,0c7c619c-ab2b-4d98-ab91-2d414b1252fb,EXTERNAL_ID_NOT_IN_IDP,"externalId not found in Entra (likely deleted user). Verify in Entra, then deactivate the stale Databricks user. Low risk: cannot log in / no duplicate."
612359117630892,harper.abbott8603@example.com,3da12d5c-9d59-48bd-a790-c8708fdf69ab,EXTERNAL_ID_NOT_IN_IDP,"externalId not found in Entra (likely deleted user). Verify in Entra, then deactivate the stale Databricks user. Low risk: cannot log in / no duplicate."
974551196376701,skyler.hollister6726@example.com,ca9e7f7d-2683-4a90-ac39-b61d812ef3ec,EXTERNAL_ID_NOT_IN_IDP,"externalId not found in Entra (likely deleted user). Verify in Entra, then deactivate the stale Databricks user. Low risk: cannot log in / no duplicate."
186367203556709,wren.bancroft7841@example.com,335cbb18-7282-4818-a628-730d173f67d6,EXTERNAL_ID_NOT_IN_IDP,"externalId not found in Entra (likely deleted user). Verify in Entra, then deactivate the stale Databricks user. Low risk: cannot log in / no duplicate."
908477786405433,emerson.lockwood4209@example.com,674a69e1-85eb-4082-a302-f00256f4e8bb,EXTERNAL_ID_NOT_IN_IDP,"externalId not found in Entra (likely deleted user). Verify in Entra, then deactivate the stale Databricks user. Low risk: cannot log in / no duplicate."
110665552617922,morgan.delaney5207@example.com,8dee6164-3903-4738-ac49-476dc77ffd1e,EXTERNAL_ID_NOT_IN_IDP,"externalId not found in Entra (likely deleted user). Verify in Entra, then deactivate the stale Databricks user. Low risk: cannot log in / no duplicate."
387477645005550,blake.marchetti0163@example.com,e2c141bb-f971-4de5-a177-3d0e136212bf,EXTERNAL_ID_NOT_IN_IDP,"externalId not found in Entra (likely deleted user). Verify in Entra, then deactivate the stale Databricks user. Low risk: cannot log in / no duplicate."
189274973847400,quinn.granger1005@example.com,6fd5ca92-3f33-4302-a9bf-98c753447283,EXTERNAL_ID_NOT_IN_IDP,"externalId not found in Entra (likely deleted user). Verify in Entra, then deactivate the stale Databricks user. Low risk: cannot log in / no duplicate."
676602381383242,adrian.pemberton0040@example.com,4a8b2b80-7c37-4e25-aec8-648c99939c04,EXTERNAL_ID_NOT_IN_IDP,"externalId not found in Entra (likely deleted user). Verify in Entra, then deactivate the stale Databricks user. Low risk: cannot log in / no duplicate."
447659184010222,micah.ingram3864@example.com,04267229-30ce-459a-a6ab-72a804f6e02c,EXTERNAL_ID_NOT_IN_IDP,"externalId not found in Entra (likely deleted user). Verify in Entra, then deactivate the stale Databricks user. Low risk: cannot log in / no duplicate."
772152350272236,nico.norwood0924@example.com,3672cb21-fd97-45ec-a09c-13273b9d25a8,EXTERNAL_ID_NOT_IN_IDP,"externalId not found in Entra (likely deleted user). Verify in Entra, then deactivate the stale Databricks user. Low risk: cannot log in / no duplicate."
750303928322239,emerson.underwood8763@example.com,15a2abc6-c401-4cd4-aaa3-ff8866311dce,EXTERNAL_ID_NOT_IN_IDP,"externalId not found in Entra (likely deleted user). Verify in Entra, then deactivate the stale Databricks user. Low risk: cannot log in / no duplicate."
798847499490778,dakota.whitfield0809@example.com,7569d704-8343-4929-a3ec-a6bef6eb5c6d,EXTERNAL_ID_NOT_IN_IDP,"externalId not found in Entra (likely deleted user). Verify in Entra, then deactivate the stale Databricks user. Low risk: cannot log in / no duplicate."
989250135467650,vaughn.lockwood2131@example.com,c4540883-a100-496d-acb6-359f15c73d2b,EXTERNAL_ID_NOT_IN_IDP,"externalId not found in Entra (likely deleted user). Verify in Entra, then deactivate the stale Databricks user. Low risk: cannot log in / no duplicate."
384581437121796,tatum.yates4370@example.com,5dcfc3f6-cb06-4731-a00a-87280113ecb2,EXTERNAL_ID_NOT_IN_IDP,"externalId not found in Entra (likely deleted user). Verify in Entra, then deactivate the stale Databricks user. Low risk: cannot log in / no duplicate."
389882897725921,jordan.quimby6256@example.com,3151820a-cf9c-43b0-abdd-248bd4cad788,EXTERNAL_ID_NOT_IN_IDP,"externalId not found in Entra (likely deleted user). Verify in Entra, then deactivate the stale Databricks user. Low risk: cannot log in / no duplicate."
693823778815686,vaughn.gallagher5367@example.com,b8824cfb-12ab-4939-afb8-5f5028a31407,EXTERNAL_ID_NOT_IN_IDP,"externalId not found in Entra (likely deleted user). Verify in Entra, then deactivate the stale Databricks user. Low risk: cannot log in / no duplicate."
169168102849335,hayden.ashford9501@example.com,6ac2bbd7-83b4-401b-a2ce-f974b92a5a98,EXTERNAL_ID_NOT_IN_IDP,"externalId not found in Entra (likely deleted user). Verify in Entra, then deactivate the stale Databricks user. Low risk: cannot log in / no duplicate."
938232444186714,casey.carlisle3691@example.com,33eb66b5-2587-4a66-a501-5a8fa3e6ec47,EXTERNAL_ID_NOT_IN_IDP,"externalId not found in Entra (likely deleted user). Verify in Entra, then deactivate the stale Databricks user. Low risk: cannot log in / no duplicate."
708640104332025,gray.fairbanks5627@example.com,0bb966c5-72d9-410d-a530-28a6e173acab,EXTERNAL_ID_NOT_IN_IDP,"externalId not found in Entra (likely deleted user). Verify in Entra, then deactivate the stale Databricks user. Low risk: cannot log in / no duplicate."
484503026658930,tanner.lockwood0304@example.com,65ed2fd9-b6ec-482a-a7f6-ce06f4b527a9,EXTERNAL_ID_NOT_IN_IDP,"externalId not found in Entra (likely deleted user). Verify in Entra, then deactivate the stale Databricks user. Low risk: cannot log in / no duplicate."
757931015248389,blake.norwood7366@example.com,d2564726-c8ab-42fe-ab46-e82e37d13734,EXTERNAL_ID_NOT_IN_IDP,"externalId not found in Entra (likely deleted user). Verify in Entra, then deactivate the stale Databricks user. Low risk: cannot log in / no duplicate."
969156407404415,bailey.ellsworth6931@example.com,d15abea2-00c8-48b8-af0a-ec33897f948d,EXTERNAL_ID_NOT_IN_IDP,"externalId not found in Entra (likely deleted user). Verify in Entra, then deactivate the stale Databricks user. Low risk: cannot log in / no duplicate."
757751227667699,bailey.carlisle4603@example.com,d34e7329-c91d-4848-ab35-4daa992b528e,EXTERNAL_ID_NOT_IN_IDP,"externalId not found in Entra (likely deleted user). Verify in Entra, then deactivate the stale Databricks user. Low risk: cannot log in / no duplicate."
634713251052394,devon.carlisle3192@example.com,78798013-b32e-4f23-a19c-34b913a32fed,EXTERNAL_ID_NOT_IN_IDP,"externalId not found in Entra (likely deleted user). Verify in Entra, then deactivate the stale Databricks user. Low risk: cannot log in / no duplicate."
398925694699164,noel.merritt1664@example.com,adb8b8ff-2515-4871-ae61-c44b309bed75,EXTERNAL_ID_NOT_IN_IDP,"externalId not found in Entra (likely deleted user). Verify in Entra, then deactivate the stale Databricks user. Low risk: cannot log in / no duplicate."
503300338118843,skyler.delaney3862@example.com,c8cc89d1-32bb-49b5-a35c-71ba09a2be43,EXTERNAL_ID_NOT_IN_IDP,"externalId not found in Entra (likely deleted user). Verify in Entra, then deactivate the stale Databricks user. Low risk: cannot log in / no duplicate."
469838756445810,morgan.underwood7876@example.com,8bf1a632-23eb-42f5-a261-ab9163346a5a,EXTERNAL_ID_NOT_IN_IDP,"externalId not found in Entra (likely deleted user). Verify in Entra, then deactivate the stale Databricks user. Low risk: cannot log in / no duplicate."
362527711868864,skyler.brennan1881@example.com,4fa69222-2340-423c-a176-aad74cc93587,EXTERNAL_ID_NOT_IN_IDP,"externalId not found in Entra (likely deleted user). Verify in Entra, then deactivate the stale Databricks user. Low risk: cannot log in / no duplicate."
486902463288130,finley.hawthorne6880@example.com,bc523307-96ba-489e-a06b-c28476bad734,EXTERNAL_ID_NOT_IN_IDP,"externalId not found in Entra (likely deleted user). Verify in Entra, then deactivate the stale Databricks user. Low risk: cannot log in / no duplicate."
851383815600574,marlowe.carlisle3467@example.com,3d47dda6-b28d-41d9-acbe-5377de205648,EXTERNAL_ID_NOT_IN_IDP,"externalId not found in Entra (likely deleted user). Verify in Entra, then deactivate the stale Databricks user. Low risk: cannot log in / no duplicate."
749894277620059,devon.prescott2689@example.com,9a8cbe39-e3cc-4521-ad95-a2eb6f6b832d,EXTERNAL_ID_NOT_IN_IDP,"externalId not found in Entra (likely deleted user). Verify in Entra, then deactivate the stale Databricks user. Low risk: cannot log in / no duplicate."
554944500670504,reese.kirkland8366@example.com,b07f072d-cec9-4a03-a477-bb625395638e,EXTERNAL_ID_NOT_IN_IDP,"externalId not found in Entra (likely deleted user). Verify in Entra, then deactivate the stale Databricks user. Low risk: cannot log in / no duplicate."
588477778116259,skyler.ramsey3776@example.com,6b2ad378-b66c-495e-a384-cd77ae21fe2b,EXTERNAL_ID_NOT_IN_IDP,"externalId not found in Entra (likely deleted user). Verify in Entra, then deactivate the stale Databricks user. Low risk: cannot log in / no duplicate."
692799459613867,sawyer.vance9235@example.com,0b1752d6-8368-47b0-a871-081370f0cecf,EXTERNAL_ID_NOT_IN_IDP,"externalId not found in Entra (likely deleted user). Verify in Entra, then deactivate the stale Databricks user. Low risk: cannot log in / no duplicate."
459203788389167,oakley.prescott9888@example.com,7d6ddd3f-8e95-4e66-aa7f-c7b4dde6d824,EXTERNAL_ID_NOT_IN_IDP,"externalId not found in Entra (likely deleted user). Verify in Entra, then deactivate the stale Databricks user. Low risk: cannot log in / no duplicate."
188146834521235,alex.vance7561@example.com,7693d288-63dc-4865-a4ad-aa8b1f2798ee,EXTERNAL_ID_NOT_IN_IDP,"externalId not found in Entra (likely deleted user). Verify in Entra, then deactivate the stale Databricks user. Low risk: cannot log in / no duplicate."
437967788933403,nico.ingram0863@example.com,facf13dc-8d37-4945-ac11-ac5bac9e8ff8,EXTERNAL_ID_NOT_IN_IDP,"externalId not found in Entra (likely deleted user). Verify in Entra, then deactivate the stale Databricks user. Low risk: cannot log in / no duplicate."
595712053263566,logan.ramsey6262@example.com,e8a038be-3b5f-464c-a3d3-605884f4f303,EXTERNAL_ID_NOT_IN_IDP,"externalId not found in Entra (likely deleted user). Verify in Entra, then deactivate the stale Databricks user. Low risk: cannot log in / no duplicate."
627403015862199,blake.eastwood5497@example.com,a026552c-5e5a-4f2c-a864-2e70f25d6c0f,EXTERNAL_ID_NOT_IN_IDP,"externalId not found in Entra (likely deleted user). Verify in Entra, then deactivate the stale Databricks user. Low risk: cannot log in / no duplicate."
384276479162171,avery.merritt3577@example.com,711f89c8-d374-4e18-a250-205fe5ddca3a,EXTERNAL_ID_NOT_IN_IDP,"externalId not found in Entra (likely deleted user). Verify in Entra, then deactivate the stale Databricks user. Low risk: cannot log in / no duplicate."
183340564881595,finley.kingsley7461@example.com,526b8ccf-08b2-4247-ab5f-5bfee8c27c54,EXTERNAL_ID_NOT_IN_IDP,"externalId not found in Entra (likely deleted user). Verify in Entra, then deactivate the stale Databricks user. Low risk: cannot log in / no duplicate."
893826142784249,alex.stanton8881@example.com,af15ae38-8c0d-4e71-a8b6-1fde61058a15,EXTERNAL_ID_NOT_IN_IDP,"externalId not found in Entra (likely deleted user). Verify in Entra, then deactivate the stale Databricks user. Low risk: cannot log in / no duplicate."
129893221128715,hayden.oakes1789@example.com,ea7f4ce9-e9f4-49e6-a5a4-40cf4d2febac,EXTERNAL_ID_NOT_IN_IDP,"externalId not found in Entra (likely deleted user). Verify in Entra, then deactivate the stale Databricks user. Low risk: cannot log in / no duplicate."
747214369038856,phoenix.fairbanks9321@example.com,243c5519-c6d8-4ce9-a58e-292470b3b726,EXTERNAL_ID_NOT_IN_IDP,"externalId not found in Entra (likely deleted user). Verify in Entra, then deactivate the stale Databricks user. Low risk: cannot log in / no duplicate."
836651504966655,vaughn.radcliffe2789@example.com,c22f67e5-42fe-4b6b-a1b5-6a6c8c04a878,EXTERNAL_ID_NOT_IN_IDP,"externalId not found in Entra (likely deleted user). Verify in Entra, then deactivate the stale Databricks user. Low risk: cannot log in / no duplicate."
791037164228121,nico.brennan7958@example.com,80db2dec-73d8-4c9d-a528-ba7bb105fa80,EXTERNAL_ID_NOT_IN_IDP,"externalId not found in Entra (likely deleted user). Verify in Entra, then deactivate the stale Databricks user. Low risk: cannot log in / no duplicate."
794598445732594,avery.prescott9719@example.com,97bbb9fd-baf3-486d-ab93-6817c5219b66,EXTERNAL_ID_NOT_IN_IDP,"externalId not found in Entra (likely deleted user). Verify in Entra, then deactivate the stale Databricks user. Low risk: cannot log in / no duplicate."
299118523015478,teagan.oakes7265@example.com,6867c013-b588-4d0d-a5bb-122d64d46091,EXTERNAL_ID_NOT_IN_IDP,"externalId not found in Entra (likely deleted user). Verify in Entra, then deactivate the stale Databricks user. Low risk: cannot log in / no duplicate."
461523722873481,emerson.eastwood8471@example.com,f598e517-cd9f-4d59-a03d-bd7abf0b1d23,EXTERNAL_ID_NOT_IN_IDP,"externalId not found in Entra (likely deleted user). Verify in Entra, then deactivate the stale Databricks user. Low risk: cannot log in / no duplicate."
680378239010308,oakley.ormsby8776@example.com,259353c8-f313-45ba-a6b3-76ec78a06e49,EXTERNAL_ID_NOT_IN_IDP,"externalId not found in Entra (likely deleted user). Verify in Entra, then deactivate the stale Databricks user. Low risk: cannot log in / no duplicate."
524784494772210,gray.granger0467@example.com,e80bbd94-bd80-43b2-a343-c91d79943eca,EXTERNAL_ID_NOT_IN_IDP,"externalId not found in Entra (likely deleted user). Verify in Entra, then deactivate the stale Databricks user. Low risk: cannot log in / no duplicate."
271592139123598,sawyer.delaney1440@example.com,ebadd0f2-eb4d-49a0-a293-61b04750426d,EXTERNAL_ID_NOT_IN_IDP,"externalId not found in Entra (likely deleted user). Verify in Entra, then deactivate the stale Databricks user. Low risk: cannot log in / no duplicate."
590071035945760,wren.quimby3945@example.com,882d9250-2ec9-4e6d-a7ca-0522ca628300,EXTERNAL_ID_NOT_IN_IDP,"externalId not found in Entra (likely deleted user). Verify in Entra, then deactivate the stale Databricks user. Low risk: cannot log in / no duplicate."
391686934284624,finley.langley4806@example.com,884be22f-c3b8-4752-afd7-bc82a3c11856,EXTERNAL_ID_NOT_IN_IDP,"externalId not found in Entra (likely deleted user). Verify in Entra, then deactivate the stale Databricks user. Low risk: cannot log in / no duplicate."
602243330007517,emerson.fenwick9605@example.com,baa1b6d1-d2e2-4313-a445-0ec257815a8e,EXTERNAL_ID_NOT_IN_IDP,"externalId not found in Entra (likely deleted user). Verify in Entra, then deactivate the stale Databricks user. Low risk: cannot log in / no duplicate."
193253473892042,lane.kingsley7940@example.com,7b15538c-7005-45b2-a3f3-d1b79cb2d1b7,EXTERNAL_ID_NOT_IN_IDP,"externalId not found in Entra (likely deleted user). Verify in Entra, then deactivate the stale Databricks user. Low risk: cannot log in / no duplicate."
222203513799424,alex.hollister8515@example.com,5c0c5bf0-d93c-47bd-a461-1322dfcb96ab,EXTERNAL_ID_NOT_IN_IDP,"externalId not found in Entra (likely deleted user). Verify in Entra, then deactivate the stale Databricks user. Low risk: cannot log in / no duplicate."
963771894985593,micah.norwood9718@example.com,7df2c388-44ba-44d6-a79f-54611ac1a765,EXTERNAL_ID_NOT_IN_IDP,"externalId not found in Entra (likely deleted user). Verify in Entra, then deactivate the stale Databricks user. Low risk: cannot log in / no duplicate."
327522715535762,logan.underwood4052@example.com,4b3cc7e5-f0fd-4ab9-a7b8-6b7a96794b61,EXTERNAL_ID_NOT_IN_IDP,"externalId not found in Entra (likely deleted user). Verify in Entra, then deactivate the stale Databricks user. Low risk: cannot log in / no duplicate."
808621888410326,skyler.quimby5637@example.com,ab0eeae1-cd06-466f-a9af-0a4474f1472b,EXTERNAL_ID_NOT_IN_IDP,"externalId not found in Entra (likely deleted user). Verify in Entra, then deactivate the stale Databricks user. Low risk: cannot log in / no duplicate."
812476254900359,lane.lockwood0055@example.com,73d0d499-7a50-49b5-a50c-c4597f655762,EXTERNAL_ID_NOT_IN_IDP,"externalId not found in Entra (likely deleted user). Verify in Entra, then deactivate the stale Databricks user. Low risk: cannot log in / no duplicate."
662558945279050,devon.brennan1438@example.com,899c363d-2a35-4f72-a106-6122bcbb4e41,EXTERNAL_ID_NOT_IN_IDP,"externalId not found in Entra (likely deleted user). Verify in Entra, then deactivate the stale Databricks user. Low risk: cannot log in / no duplicate."
294847729842728,hayden.fenwick1323@example.com,43d6007d-34f2-4898-a912-8e719df08011,EXTERNAL_ID_NOT_IN_IDP,"externalId not found in Entra (likely deleted user). Verify in Entra, then deactivate the stale Databricks user. Low risk: cannot log in / no duplicate."
395315448220522,kai.eastwood2162@example.com,010975be-42f9-4a32-a728-27919d67cd09,EXTERNAL_ID_NOT_IN_IDP,"externalId not found in Entra (likely deleted user). Verify in Entra, then deactivate the stale Databricks user. Low risk: cannot log in / no duplicate."
201385775040288,tanner.abbott0746@example.com,b05939e4-ff08-424a-a79f-69b9a87a3bc3,EXTERNAL_ID_NOT_IN_IDP,"externalId not found in Entra (likely deleted user). Verify in Entra, then deactivate the stale Databricks user. Low risk: cannot log in / no duplicate."
164263060182637,noel.northcote2669@example.com,2196081b-eb89-4e21-aa16-16a67d915c21,EXTERNAL_ID_NOT_IN_IDP,"externalId not found in Entra (likely deleted user). Verify in Entra, then deactivate the stale Databricks user. Low risk: cannot log in / no duplicate."
829408943000047,cameron.thornton7902@example.com,f8fea59d-2426-49f8-a05d-115e5e821ba0,EXTERNAL_ID_NOT_IN_IDP,"externalId not found in Entra (likely deleted user). Verify in Entra, then deactivate the stale Databricks user. Low risk: cannot log in / no duplicate."
325910719898308,skyler.northcote6453@example.com,b86b7659-5648-4672-a61a-9a6fe2860e76,EXTERNAL_ID_NOT_IN_IDP,"externalId not found in Entra (likely deleted user). Verify in Entra, then deactivate the stale Databricks user. Low risk: cannot log in / no duplicate."
759895427284752,sawyer.eastwood6954@example.com,765915fa-6804-48d5-a22c-2569bae6147a,EXTERNAL_ID_NOT_IN_IDP,"externalId not found in Entra (likely deleted user). Verify in Entra, then deactivate the stale Databricks user. Low risk: cannot log in / no duplicate."
301097739205738,logan.carlisle9082@example.com,8a961706-c16c-4d5d-a3fe-028cffb4ae0b,EXTERNAL_ID_NOT_IN_IDP,"externalId not found in Entra (likely deleted user). Verify in Entra, then deactivate the stale Databricks user. Low risk: cannot log in / no duplicate."
311332432051525,hayden.ellsworth6146@example.com,4afeca9b-3287-4f4f-a7bb-b467d05ebf56,EXTERNAL_ID_NOT_IN_IDP,"externalId not found in Entra (likely deleted user). Verify in Entra, then deactivate the stale Databricks user. Low risk: cannot log in / no duplicate."
417713700676110,avery.hawthorne7095@example.com,5e573b95-cd01-41f0-aa8e-64b7a700e0d0,EXTERNAL_ID_NOT_IN_IDP,"externalId not found in Entra (likely deleted user). Verify in Entra, then deactivate the stale Databricks user. Low risk: cannot log in / no duplicate."
543153391088628,riley.hawthorne4633@example.com,ae9a288f-4e53-4eaf-aaf8-2c3f040af6cd,EXTERNAL_ID_NOT_IN_IDP,"externalId not found in Entra (likely deleted user). Verify in Entra, then deactivate the stale Databricks user. Low risk: cannot log in / no duplicate."
167305020557340,parker.hollister8371@example.com,e7344d09-84d9-4c05-a735-75caaa08a95d,EXTERNAL_ID_NOT_IN_IDP,"externalId not found in Entra (likely deleted user). Verify in Entra, then deactivate the stale Databricks user. Low risk: cannot log in / no duplicate."
728308057680594,harper.delaney2029@example.com,decc5037-0599-43d7-a416-9c93375b9e36,EXTERNAL_ID_NOT_IN_IDP,"externalId not found in Entra (likely deleted user). Verify in Entra, then deactivate the stale Databricks user. Low risk: cannot log in / no duplicate."
338620349301363,skyler.jennings5978@example.com,daceb357-c1c7-440c-a92f-2770298d8cdb,EXTERNAL_ID_NOT_IN_IDP,"externalId not found in Entra (likely deleted user). Verify in Entra, then deactivate the stale Databricks user. Low risk: cannot log in / no duplicate."
322883749403722,devon.gallagher9637@example.com,c1455564-415a-4a23-ae9a-dd6ef7796d60,EXTERNAL_ID_NOT_IN_IDP,"externalId not found in Entra (likely deleted user). Verify in Entra, then deactivate the stale Databricks user. Low risk: cannot log in / no duplicate."
938483614064151,marlowe.fairbanks8492@example.com,24a67547-65f0-453f-a978-63142be8e203,EXTERNAL_ID_NOT_IN_IDP,"externalId not found in Entra (likely deleted user). Verify in Entra, then deactivate the stale Databricks user. Low risk: cannot log in / no duplicate."
150408626164827,skyler.kingsley8983@example.com,b85d5da3-0839-4714-a2e6-15eac3168b40,EXTERNAL_ID_NOT_IN_IDP,"externalId not found in Entra (likely deleted user). Verify in Entra, then deactivate the stale Databricks user. Low risk: cannot log in / no duplicate."
482568494007991,micah.delaney9397@example.com,ec11cd9f-c2ec-4e30-a35f-8e3001a101eb,EXTERNAL_ID_NOT_IN_IDP,"externalId not found in Entra (likely deleted user). Verify in Entra, then deactivate the stale Databricks user. Low risk: cannot log in / no duplicate."
449627472855505,micah.hollister2703@example.com,a90eb891-9ecd-4758-abe1-efac3883a0c1,EXTERNAL_ID_NOT_IN_IDP,"externalId not found in Entra (likely deleted user). Verify in Entra, then deactivate the stale Databricks user. Low risk: cannot log in / no duplicate."
574830862625425,avery.jennings0000@example.com,5a25c891-07a2-4c0a-aaee-1c7cfa05f63a,EXTERNAL_ID_NOT_IN_IDP,"externalId not found in Entra (likely deleted user). Verify in Entra, then deactivate the stale Databricks user. Low risk: cannot log in / no duplicate."
706844480812205,emerson.ingram0417@example.com,64da794c-4067-446b-ad35-cf7a9f37e957,EXTERNAL_ID_NOT_IN_IDP,"externalId not found in Entra (likely deleted user). Verify in Entra, then deactivate the stale Databricks user. Low risk: cannot log in / no duplicate."
903513294780496,logan.langley2151@example.com,a9e56061-c135-434f-a5df-c39529c384b1,EXTERNAL_ID_NOT_IN_IDP,"externalId not found in Entra (likely deleted user). Verify in Entra, then deactivate the stale Databricks user. Low risk: cannot log in / no duplicate."
363528111759545,hayden.hollister6107@example.com,eff65d86-299d-4bf4-a7fc-8a4010cbc6f2,EXTERNAL_ID_NOT_IN_IDP,"externalId not found in Entra (likely deleted user). Verify in Entra, then deactivate the stale Databricks user. Low risk: cannot log in / no duplicate."
403849038554768,emerson.pemberton9310@example.com,99307339-4c18-4f3c-a139-dc7e9314ed09,EXTERNAL_ID_NOT_IN_IDP,"externalId not found in Entra (likely deleted user). Verify in Entra, then deactivate the stale Databricks user. Low risk: cannot log in / no duplicate."
592919494353502,vaughn.brennan3103@example.com,3dd7ddcb-d29e-42cc-a5d4-fa7a70d38e67,EXTERNAL_ID_NOT_IN_IDP,"externalId not found in Entra (likely deleted user). Verify in Entra, then deactivate the stale Databricks user. Low risk: cannot log in / no duplicate."
883400588401547,cameron.gallagher5793@example.com,8f75d367-8572-4e80-a6ff-b23f0da6232a,EXTERNAL_ID_NOT_IN_IDP,"externalId not found in Entra (likely deleted user). Verify in Entra, then deactivate the stale Databricks user. Low risk: cannot log in / no duplicate."
390389345792157,gray.calloway0785@example.com,21f28a7c-42ec-404f-a96c-087eab86855c,EXTERNAL_ID_NOT_IN_IDP,"externalId not found in Entra (likely deleted user). Verify in Entra, then deactivate the stale Databricks user. Low risk: cannot log in / no duplicate."
752062828474049,bailey.sinclair8084@example.com,32180157-0dd4-4616-afdf-d4b2bd8f54f7,EXTERNAL_ID_NOT_IN_IDP,"externalId not found in Entra (likely deleted user). Verify in Entra, then deactivate the stale Databricks user. Low risk: cannot log in / no duplicate."
606188529711405,oakley.abbott9726@example.com,e3dc4ebe-c714-4e8f-a7a7-0c4ef04e7505,EXTERNAL_ID_NOT_IN_IDP,"externalId not found in Entra (likely deleted user). Verify in Entra, then deactivate the stale Databricks user. Low risk: cannot log in / no duplicate."
183728389322854,micah.underwood8811@example.com,87edaa02-7f9f-4aca-a159-2c0d1f01435c,EXTERNAL_ID_NOT_IN_IDP,"externalId not found in Entra (likely deleted user). Verify in Entra, then deactivate the stale Databricks user. Low risk: cannot log in / no duplicate."
264505022836897,kai.thornton9754@example.com,a85d15f3-0d30-46c6-a4e9-c2d93cc10366,EXTERNAL_ID_NOT_IN_IDP,"externalId not found in Entra (likely deleted user). Verify in Entra, then deactivate the stale Databricks user. Low risk: cannot log in / no duplicate."
483225252843085,riley.stanton7473@example.com,24c31f16-b151-46fa-a478-ec21329bfa12,EXTERNAL_ID_NOT_IN_IDP,"externalId not found in Entra (likely deleted user). Verify in Entra, then deactivate the stale Databricks user. Low risk: cannot log in / no duplicate."
793568287188891,alex.yates5227@example.com,bf6ffcb0-5083-4a32-a249-07f5cb10b8bd,EXTERNAL_ID_NOT_IN_IDP,"externalId not found in Entra (likely deleted user). Verify in Entra, then deactivate the stale Databricks user. Low risk: cannot log in / no duplicate."
992511515496033,adrian.prescott1097@example.com,69690589-a35e-4f7a-a29b-9f28d158dea0,EXTERNAL_ID_NOT_IN_IDP,"externalId not found in Entra (likely deleted user). Verify in Entra, then deactivate the stale Databricks user. Low risk: cannot log in / no duplicate."
811086331057105,dakota.delaney6446@example.com,d5dd1b39-cde5-48e7-a482-8ae69aa27a3f,EXTERNAL_ID_NOT_IN_IDP,"externalId not found in Entra (likely deleted user). Verify in Entra, then deactivate the stale Databricks user. Low risk: cannot log in / no duplicate."
959242051071628,vaughn.fairbanks2066@example.com,6b2ad378-b66c-495e-a384-cd77ae21fe2b,EXTERNAL_ID_NOT_IN_IDP,"externalId not found in Entra (likely deleted user). Verify in Entra, then deactivate the stale Databricks user. Low risk: cannot log in / no duplicate."
810832286776227,hayden.yates2995@example.com,a2419a0b-bcfb-4861-a9b3-4c1a5ab87d65,EXTERNAL_ID_NOT_IN_IDP,"externalId not found in Entra (likely deleted user). Verify in Entra, then deactivate the stale Databricks user. Low risk: cannot log in / no duplicate."
2684557283971455,gray.brennan3589@example.com,c0ad084a-2940-4833-aed5-58d1b944a989,EXTERNAL_ID_NOT_IN_IDP,"externalId not found in Entra (likely deleted user). Verify in Entra, then deactivate the stale Databricks user. Low risk: cannot log in / no duplicate."
2230279665823915,kai.norwood1538@example.com,b84dd426-bf31-4d13-a9a4-52d8ba781b82,EXTERNAL_ID_NOT_IN_IDP,"externalId not found in Entra (likely deleted user). Verify in Entra, then deactivate the stale Databricks user. Low risk: cannot log in / no duplicate."
9574657815047186,quinn.yates3711@example.com,eab62a40-6a49-4468-ad32-e912428fa8e8,EXTERNAL_ID_NOT_IN_IDP,"externalId not found in Entra (likely deleted user). Verify in Entra, then deactivate the stale Databricks user. Low risk: cannot log in / no duplicate."
4064934344003250,jordan.bancroft1606@example.com,4f3f0c96-9585-4d16-a56e-409953986763,EXTERNAL_ID_NOT_IN_IDP,"externalId not found in Entra (likely deleted user). Verify in Entra, then deactivate the stale Databricks user. Low risk: cannot log in / no duplicate."
2556188818412808,blake.eastwood4335@example.com,f975137c-0600-48d6-ad05-b5ebf0a941cd,EXTERNAL_ID_NOT_IN_IDP,"externalId not found in Entra (likely deleted user). Verify in Entra, then deactivate the stale Databricks user. Low risk: cannot log in / no duplicate."
2383016777600055,riley.kirkland2003@example.com,2095aab4-0eab-4fa3-aa5d-b772db52b1b4,EXTERNAL_ID_NOT_IN_IDP,"externalId not found in Entra (likely deleted user). Verify in Entra, then deactivate the stale Databricks user. Low risk: cannot log in / no duplicate."
1000957255062709,micah.northcote6236@example.com,295fcd87-f224-4db6-a6fe-6d6aa81c248a,EXTERNAL_ID_NOT_IN_IDP,"externalId not found in Entra (likely deleted user). Verify in Entra, then deactivate the stale Databricks user. Low risk: cannot log in / no duplicate."
5937611930681330,morgan.yates5119@example.com,a518d30b-7096-43b0-a254-7ce094ac9b06,EXTERNAL_ID_NOT_IN_IDP,"externalId not found in Entra (likely deleted user). Verify in Entra, then deactivate the stale Databricks user. Low risk: cannot log in / no duplicate."
9548446240543571,kendall.eastwood4514@example.com,5d39f2a0-e6c1-457f-a525-067d6da6c333,EXTERNAL_ID_NOT_IN_IDP,"externalId not found in Entra (likely deleted user). Verify in Entra, then deactivate the stale Databricks user. Low risk: cannot log in / no duplicate."
4847997784389957,avery.stanton7475@example.com,a1ea1578-3066-46ab-a118-290eb4a9f337,EXTERNAL_ID_NOT_IN_IDP,"externalId not found in Entra (likely deleted user). Verify in Entra, then deactivate the stale Databricks user. Low risk: cannot log in / no duplicate."
8840329206479320,emerson.granger1029@example.com,ee97c308-7007-4d65-adb4-99531be5d20b,EXTERNAL_ID_NOT_IN_IDP,"externalId not found in Entra (likely deleted user). Verify in Entra, then deactivate the stale Databricks user. Low risk: cannot log in / no duplicate."
6908747688449455,quinn.calloway7906@example.com,e2c141bb-f971-4de5-a177-3d0e136212bf,EXTERNAL_ID_NOT_IN_IDP,"externalId not found in Entra (likely deleted user). Verify in Entra, then deactivate the stale Databricks user. Low risk: cannot log in / no duplicate."
1327733614084279,casey.yates3559@example.com,1d892393-2f64-4c0f-ab7b-cb30051760cc,EXTERNAL_ID_NOT_IN_IDP,"externalId not found in Entra (likely deleted user). Verify in Entra, then deactivate the stale Databricks user. Low risk: cannot log in / no duplicate."
4502372598193531,noel.vance4224@example.com,aee54197-6338-42b4-aaa2-555b073d1e80,EXTERNAL_ID_NOT_IN_IDP,"externalId not found in Entra (likely deleted user). Verify in Entra, then deactivate the stale Databricks user. Low risk: cannot log in / no duplicate."
6889876176386815,kai.whitfield3948@example.com,d596bb2b-ec5b-4e31-a331-624a3f3918b1,EXTERNAL_ID_NOT_IN_IDP,"externalId not found in Entra (likely deleted user). Verify in Entra, then deactivate the stale Databricks user. Low risk: cannot log in / no duplicate."
2372766715761183,nico.granger3520@example.com,049dc333-8bbc-4e57-ad1d-ed3fdda87967,EXTERNAL_ID_NOT_IN_IDP,"externalId not found in Entra (likely deleted user). Verify in Entra, then deactivate the stale Databricks user. Low risk: cannot log in / no duplicate."
5794002562584232,jamie.yates5788@example.com,accdd8d6-6570-430f-afa2-c6d30cbf5445,EXTERNAL_ID_NOT_IN_IDP,"externalId not found in Entra (likely deleted user). Verify in Entra, then deactivate the stale Databricks user. Low risk: cannot log in / no duplicate."
1275937424103806,harper.ramsey8694@example.com,3c55aeae-f41c-426e-ad84-a2707161709c,EXTERNAL_ID_NOT_IN_IDP,"externalId not found in Entra (likely deleted user). Verify in Entra, then deactivate the stale Databricks user. Low risk: cannot log in / no duplicate."
7354712714938350,harper.ellsworth2056@example.com,51860640-2f63-4523-ace9-cc1463aae2c8,EXTERNAL_ID_NOT_IN_IDP,"externalId not found in Entra (likely deleted user). Verify in Entra, then deactivate the stale Databricks user. Low risk: cannot log in / no duplicate."
7699642597240898,gray.hawthorne0761@example.com,9e19f429-97eb-4c91-ae87-5ff9fee0474d,EXTERNAL_ID_NOT_IN_IDP,"externalId not found in Entra (likely deleted user). Verify in Entra, then deactivate the stale Databricks user. Low risk: cannot log in / no duplicate."
3510617498522277,teagan.ellsworth9792@example.com,e6b39a73-ecd9-461c-a8fd-87b9060c0a37,EXTERNAL_ID_NOT_IN_IDP,"externalId not found in Entra (likely deleted user). Verify in Entra, then deactivate the stale Databricks user. Low risk: cannot log in / no duplicate."
8450493144537483,harper.northcote0456@example.com,a8146753-5ea4-475c-a246-a3586561a5a9,EXTERNAL_ID_NOT_IN_IDP,"externalId not found in Entra (likely deleted user). Verify in Entra, then deactivate the stale Databricks user. Low risk: cannot log in / no duplicate."
1015132824933944,morgan.norwood4297@example.com,07c80ba1-fe70-4597-a217-261990b96005,EXTERNAL_ID_NOT_IN_IDP,"externalId not found in Entra (likely deleted user). Verify in Entra, then deactivate the stale Databricks user. Low risk: cannot log in / no duplicate."
9771547669993105,adrian.northcote8260@example.com,167d533f-8e9f-4062-a15c-6cad0336f2cf,EXTERNAL_ID_NOT_IN_IDP,"externalId not found in Entra (likely deleted user). Verify in Entra, then deactivate the stale Databricks user. Low risk: cannot log in / no duplicate."
5826492320920118,morgan.hawthorne5825@example.com,91ee7644-80ea-4460-a211-3441d0c05c10,EXTERNAL_ID_NOT_IN_IDP,"externalId not found in Entra (likely deleted user). Verify in Entra, then deactivate the stale Databricks user. Low risk: cannot log in / no duplicate."
3477260082203157,skyler.stanton4372@example.com,e6ec42c3-0eca-44df-ae98-b63f107c1584,EXTERNAL_ID_NOT_IN_IDP,"externalId not found in Entra (likely deleted user). Verify in Entra, then deactivate the stale Databricks user. Low risk: cannot log in / no duplicate."
5032204338294047,lane.lockwood1943@example.com,a62175c1-7841-4c19-a2d0-234899d34c23,EXTERNAL_ID_NOT_IN_IDP,"externalId not found in Entra (likely deleted user). Verify in Entra, then deactivate the stale Databricks user. Low risk: cannot log in / no duplicate."
3668728910313642,sawyer.ormsby4176@example.com,2bb36ade-e160-434b-a099-9f0f25b3ddba,EXTERNAL_ID_NOT_IN_IDP,"externalId not found in Entra (likely deleted user). Verify in Entra, then deactivate the stale Databricks user. Low risk: cannot log in / no duplicate."
7528356935659450,riley.ingram2582@example.com,f7464a04-23da-4a00-a8a9-6338bbc93c4f,EXTERNAL_ID_NOT_IN_IDP,"externalId not found in Entra (likely deleted user). Verify in Entra, then deactivate the stale Databricks user. Low risk: cannot log in / no duplicate."
9947493502715257,harper.jennings9188@example.com,9e0a6e8f-db5f-49a7-a50f-67bdbb06447d,EXTERNAL_ID_NOT_IN_IDP,"externalId not found in Entra (likely deleted user). Verify in Entra, then deactivate the stale Databricks user. Low risk: cannot log in / no duplicate."
1226079525486911,tatum.kingsley8417@example.com,ed096d05-8c31-4262-af46-953918918e9a,EXTERNAL_ID_NOT_IN_IDP,"externalId not found in Entra (likely deleted user). Verify in Entra, then deactivate the stale Databricks user. Low risk: cannot log in / no duplicate."
7244035686538138,adrian.brennan8565@example.com,dfb38575-3193-41e8-a2be-344a8ae935f4,EXTERNAL_ID_NOT_IN_IDP,"externalId not found in Entra (likely deleted user). Verify in Entra, then deactivate the stale Databricks user. Low risk: cannot log in / no duplicate."
9191133868453719,ellis.ellsworth2608@example.com,32d392d7-4e99-441b-a691-5a799352b853,EXTERNAL_ID_NOT_IN_IDP,"externalId not found in Entra (likely deleted user). Verify in Entra, then deactivate the stale Databricks user. Low risk: cannot log in / no duplicate."
9863040342378152,rowan.calloway9582@example.com,7a46e502-36c4-40cd-ac88-bbe5e28c46d0,EXTERNAL_ID_NOT_IN_IDP,"externalId not found in Entra (likely deleted user). Verify in Entra, then deactivate the stale Databricks user. Low risk: cannot log in / no duplicate."
4193625527712968,skyler.ellsworth1925@example.com,0bfb30a4-71c9-4691-a866-c4fa67952e67,EXTERNAL_ID_NOT_IN_IDP,"externalId not found in Entra (likely deleted user). Verify in Entra, then deactivate the stale Databricks user. Low risk: cannot log in / no duplicate."
2933330943450683,kai.northcote4139@example.com,17a633f0-8efb-4b39-acfa-c50112c8c591,EXTERNAL_ID_NOT_IN_IDP,"externalId not found in Entra (likely deleted user). Verify in Entra, then deactivate the stale Databricks user. Low risk: cannot log in / no duplicate."
2402252548451503,ellis.granger3399@example.com,dd87693e-664a-4802-a388-834c9952da88,EXTERNAL_ID_NOT_IN_IDP,"externalId not found in Entra (likely deleted user). Verify in Entra, then deactivate the stale Databricks user. Low risk: cannot log in / no duplicate."
8645426820002157,adrian.lockwood4531@example.com,81d4279a-7a99-4bb6-a7d6-bd61d2d30165,EXTERNAL_ID_NOT_IN_IDP,"externalId not found in Entra (likely deleted user). Verify in Entra, then deactivate the stale Databricks user. Low risk: cannot log in / no duplicate."
7445084777300270,casey.gallagher3694@example.com,f45700e2-9afc-4f06-a6f4-5efa9f33a8ad,EXTERNAL_ID_NOT_IN_IDP,"externalId not found in Entra (likely deleted user). Verify in Entra, then deactivate the stale Databricks user. Low risk: cannot log in / no duplicate."
7405386646495151,phoenix.merritt1853@example.com,1385c8d2-c5db-48bf-acf2-9248019cfe3f,EXTERNAL_ID_NOT_IN_IDP,"externalId not found in Entra (likely deleted user). Verify in Entra, then deactivate the stale Databricks user. Low risk: cannot log in / no duplicate."
8933119168440664,cameron.northcote8593@example.com,36883d6c-a13f-4719-aa37-3dc840011b36,EXTERNAL_ID_NOT_IN_IDP,"externalId not found in Entra (likely deleted user). Verify in Entra, then deactivate the stale Databricks user. Low risk: cannot log in / no duplicate."
8580894201968944,bailey.bancroft5175@example.com,dfa9a700-125f-4f0e-a28a-d3cd2dc72447,EXTERNAL_ID_NOT_IN_IDP,"externalId not found in Entra (likely deleted user). Verify in Entra, then deactivate the stale Databricks user. Low risk: cannot log in / no duplicate."
4705454082042320,parker.hawthorne0876@example.com,aebe4092-ee94-422f-a515-0e18aa2efc0f,EXTERNAL_ID_NOT_IN_IDP,"externalId not found in Entra (likely deleted user). Verify in Entra, then deactivate the stale Databricks user. Low risk: cannot log in / no duplicate."
1552066835737132,sage.sinclair4649@example.com,83918d40-656f-49cf-a108-f28fba496135,EXTERNAL_ID_NOT_IN_IDP,"externalId not found in Entra (likely deleted user). Verify in Entra, then deactivate the stale Databricks user. Low risk: cannot log in / no duplicate."
8673738383572756,parker.granger3243@example.com,cfa2bbd3-65fe-4db5-afed-411b3a7d23a7,EXTERNAL_ID_NOT_IN_IDP,"externalId not found in Entra (likely deleted user). Verify in Entra, then deactivate the stale Databricks user. Low risk: cannot log in / no duplicate."
4884283925274973,quinn.ashford2804@example.com,6743ee22-acc2-434e-a664-834e368b3a66,EXTERNAL_ID_NOT_IN_IDP,"externalId not found in Entra (likely deleted user). Verify in Entra, then deactivate the stale Databricks user. Low risk: cannot log in / no duplicate."
4537573703115199,dakota.carlisle7875@example.com,645342f7-bb01-463f-ab52-6b7b55291114,EXTERNAL_ID_NOT_IN_IDP,"externalId not found in Entra (likely deleted user). Verify in Entra, then deactivate the stale Databricks user. Low risk: cannot log in / no duplicate."
5169398388621902,harper.thornton8696@example.com,b079ae6a-941f-410a-ab83-1b8d4b74a7b8,EXTERNAL_ID_NOT_IN_IDP,"externalId not found in Entra (likely deleted user). Verify in Entra, then deactivate the stale Databricks user. Low risk: cannot log in / no duplicate."
6055236384000059,tatum.vance7473@example.com,0fa7fa2f-9f3f-426a-acbf-aa4cd468b3d9,EXTERNAL_ID_NOT_IN_IDP,"externalId not found in Entra (likely deleted user). Verify in Entra, then deactivate the stale Databricks user. Low risk: cannot log in / no duplicate."
4052123584200058,vaughn.granger9010@example.com,0a5357ee-9a5c-43fd-a095-1d4a5318e265,EXTERNAL_ID_NOT_IN_IDP,"externalId not found in Entra (likely deleted user). Verify in Entra, then deactivate the stale Databricks user. Low risk: cannot log in / no duplicate."
6080217916357905,vaughn.pemberton0109@example.com,143ba66e-9832-4007-a266-107dcbcbff8c,EXTERNAL_ID_NOT_IN_IDP,"externalId not found in Entra (likely deleted user). Verify in Entra, then deactivate the stale Databricks user. Low risk: cannot log in / no duplicate."
4905748199721622,reese.underwood6787@example.com,b2a0b773-4c74-47c4-a1e4-e1c68c795ea0,EXTERNAL_ID_NOT_IN_IDP,"externalId not found in Entra (likely deleted user). Verify in Entra, then deactivate the stale Databricks user. Low risk: cannot log in / no duplicate."
5494211728679460,avery.eastwood3798@example.com,29e55bbf-e001-480d-adb5-9032f514559c,EXTERNAL_ID_NOT_IN_IDP,"externalId not found in Entra (likely deleted user). Verify in Entra, then deactivate the stale Databricks user. Low risk: cannot log in / no duplicate."
3372037987281131,hayden.thornton3388@example.com,5af7032c-95a5-45bc-a4f4-3fc1e3a2891a,EXTERNAL_ID_NOT_IN_IDP,"externalId not found in Entra (likely deleted user). Verify in Entra, then deactivate the stale Databricks user. Low risk: cannot log in / no duplicate."
5442271688447383,quinn.whitfield9448@example.com,81deaf25-3495-4dfa-a0ad-02d11d919b4c,EXTERNAL_ID_NOT_IN_IDP,"externalId not found in Entra (likely deleted user). Verify in Entra, then deactivate the stale Databricks user. Low risk: cannot log in / no duplicate."
7484611169834061,wren.abbott4075@example.com,75dc3aa5-85cb-4fc6-a481-02174aaea47f,EXTERNAL_ID_NOT_IN_IDP,"externalId not found in Entra (likely deleted user). Verify in Entra, then deactivate the stale Databricks user. Low risk: cannot log in / no duplicate."
6449628466948303,devon.marchetti6761@example.com,de024f43-6de6-4441-a18c-bfdbb4e02836,EXTERNAL_ID_NOT_IN_IDP,"externalId not found in Entra (likely deleted user). Verify in Entra, then deactivate the stale Databricks user. Low risk: cannot log in / no duplicate."
5999935261274173,indigo.sinclair3217@example.com,c399c10c-fda5-4796-a4b9-397efb0dd3c1,EXTERNAL_ID_NOT_IN_IDP,"externalId not found in Entra (likely deleted user). Verify in Entra, then deactivate the stale Databricks user. Low risk: cannot log in / no duplicate."
1242936474630684,oakley.calloway2875@example.com,968a58ef-4093-4eaa-aa35-7a63f5bbbd1c,EXTERNAL_ID_NOT_IN_IDP,"externalId not found in Entra (likely deleted user). Verify in Entra, then deactivate the stale Databricks user. Low risk: cannot log in / no duplicate."
7666514233859005,jamie.carlisle8597@example.com,606438aa-6c47-41ca-a873-42829294b2b6,EXTERNAL_ID_NOT_IN_IDP,"externalId not found in Entra (likely deleted user). Verify in Entra, then deactivate the stale Databricks user. Low risk: cannot log in / no duplicate."
1615216248870664,devon.fairbanks0216@example.com,0946ae28-2570-4124-a100-87224dd2eefa,EXTERNAL_ID_NOT_IN_IDP,"externalId not found in Entra (likely deleted user). Verify in Entra, then deactivate the stale Databricks user. Low risk: cannot log in / no duplicate."
5233389887940306,marlowe.whitfield1697@example.com,2ef77e7a-3482-443a-a921-aacfe3e55c28,EXTERNAL_ID_NOT_IN_IDP,"externalId not found in Entra (likely deleted user). Verify in Entra, then deactivate the stale Databricks user. Low risk: cannot log in / no duplicate."
2453207400088485,alex.granger9204@example.com,34c68abd-2433-4c12-ad10-b3a2733e8b01,EXTERNAL_ID_NOT_IN_IDP,"externalId not found in Entra (likely deleted user). Verify in Entra, then deactivate the stale Databricks user. Low risk: cannot log in / no duplicate."
7038455352388713,marlowe.carlisle7983@example.com,6af622ec-7d13-4eee-af21-9ea96cfb600d,EXTERNAL_ID_NOT_IN_IDP,"externalId not found in Entra (likely deleted user). Verify in Entra, then deactivate the stale Databricks user. Low risk: cannot log in / no duplicate."
6003349338962744,tanner.fairbanks5968@example.com,72cd5235-1423-4633-a484-3176d83d6afe,EXTERNAL_ID_NOT_IN_IDP,"externalId not found in Entra (likely deleted user). Verify in Entra, then deactivate the stale Databricks user. Low risk: cannot log in / no duplicate."
1230149491271308,harper.stanton7454@example.com,66297079-9170-4a58-a053-faef78f44f78,EXTERNAL_ID_NOT_IN_IDP,"externalId not found in Entra (likely deleted user). Verify in Entra, then deactivate the stale Databricks user. Low risk: cannot log in / no duplicate."
4423208973388815,casey.ellsworth6471@example.com,a9e56061-c135-434f-a5df-c39529c384b1,EXTERNAL_ID_NOT_IN_IDP,"externalId not found in Entra (likely deleted user). Verify in Entra, then deactivate the stale Databricks user. Low risk: cannot log in / no duplicate."
7209936647206601,kai.ashford0702@example.com,03dce21e-f08b-4df8-a38b-efd4b737a1c1,EXTERNAL_ID_NOT_IN_IDP,"externalId not found in Entra (likely deleted user). Verify in Entra, then deactivate the stale Databricks user. Low risk: cannot log in / no duplicate."
9118630988076586,lane.ashford5764@example.com,f41c9718-ef0b-43fc-a1bb-bce038b9aa6a,EXTERNAL_ID_NOT_IN_IDP,"externalId not found in Entra (likely deleted user). Verify in Entra, then deactivate the stale Databricks user. Low risk: cannot log in / no duplicate."
8376576120233977,tanner.whitfield8242@example.com,27b79806-cb1e-458a-a117-c14612fdf28b,EXTERNAL_ID_NOT_IN_IDP,"externalId not found in Entra (likely deleted user). Verify in Entra, then deactivate the stale Databricks user. Low risk: cannot log in / no duplicate."
3725861030845051,alex.kirkland5696@example.com,418c4798-fa94-4b59-ae3f-f7319436eadd,EXTERNAL_ID_NOT_IN_IDP,"externalId not found in Entra (likely deleted user). Verify in Entra, then deactivate the stale Databricks user. Low risk: cannot log in / no duplicate."
6025298663281824,quinn.kingsley5007@example.com,b72767a2-ae8b-4c5c-a6eb-e0aedc13b737,EXTERNAL_ID_NOT_IN_IDP,"externalId not found in Entra (likely deleted user). Verify in Entra, then deactivate the stale Databricks user. Low risk: cannot log in / no duplicate."
4275545866955533,lane.radcliffe4274@example.com,0cc7e74b-1427-4463-a4d3-dc63fbcd8ff7,EXTERNAL_ID_NOT_IN_IDP,"externalId not found in Entra (likely deleted user). Verify in Entra, then deactivate the stale Databricks user. Low risk: cannot log in / no duplicate."
6206861108176457,wren.thornton3146@example.com,1a63f31a-90a4-467e-a6bd-c4d5a21351ce,EXTERNAL_ID_NOT_IN_IDP,"externalId not found in Entra (likely deleted user). Verify in Entra, then deactivate the stale Databricks user. Low risk: cannot log in / no duplicate."
8674449379890409,sawyer.ramsey7235@example.com,7f471a00-8445-4ec4-ae52-07853a3659c3,EXTERNAL_ID_NOT_IN_IDP,"externalId not found in Entra (likely deleted user). Verify in Entra, then deactivate the stale Databricks user. Low risk: cannot log in / no duplicate."
8667692083337563,emerson.kirkland2773@example.com,546b6723-69c7-408a-a3c9-1ce1b59084b0,EXTERNAL_ID_NOT_IN_IDP,"externalId not found in Entra (likely deleted user). Verify in Entra, then deactivate the stale Databricks user. Low risk: cannot log in / no duplicate."
3920263001004200,kendall.abbott4077@example.com,5a5a5cae-9f6d-4536-a462-91aa7b968449,EXTERNAL_ID_NOT_IN_IDP,"externalId not found in Entra (likely deleted user). Verify in Entra, then deactivate the stale Databricks user. Low risk: cannot log in / no duplicate."
5110058949349061,emerson.radcliffe7167@example.com,f4c1032a-4513-48d8-aac4-53d195086cdc,EXTERNAL_ID_NOT_IN_IDP,"externalId not found in Entra (likely deleted user). Verify in Entra, then deactivate the stale Databricks user. Low risk: cannot log in / no duplicate."
5892488386623284,adrian.norwood0374@example.com,082b240e-5d40-4463-a884-a6d183c88558,EXTERNAL_ID_NOT_IN_IDP,"externalId not found in Entra (likely deleted user). Verify in Entra, then deactivate the stale Databricks user. Low risk: cannot log in / no duplicate."
7479298781111350,harper.fairbanks5280@example.com,9974e506-af46-4077-aa76-d1353ebbb0da,EXTERNAL_ID_NOT_IN_IDP,"externalId not found in Entra (likely deleted user). Verify in Entra, then deactivate the stale Databricks user. Low risk: cannot log in / no duplicate."
8579447675991052,wren.hawthorne7554@example.com,79873501-e9b4-4cba-a79f-486c32586312,EXTERNAL_ID_NOT_IN_IDP,"externalId not found in Entra (likely deleted user). Verify in Entra, then deactivate the stale Databricks user. Low risk: cannot log in / no duplicate."
3810587505949604,avery.thornton4153@example.com,e3772306-adda-43f1-ac9f-e23823f4599f,EXTERNAL_ID_NOT_IN_IDP,"externalId not found in Entra (likely deleted user). Verify in Entra, then deactivate the stale Databricks user. Low risk: cannot log in / no duplicate."
9333985423572293,skyler.delaney1664@example.com,19579e5f-ee89-4af3-a62a-65ad00caf0d7,EXTERNAL_ID_NOT_IN_IDP,"externalId not found in Entra (likely deleted user). Verify in Entra, then deactivate the stale Databricks user. Low risk: cannot log in / no duplicate."
4930836696725801,adrian.yates1628@example.com,48d073dc-8296-42b9-a5cd-1712092ab06c,EXTERNAL_ID_NOT_IN_IDP,"externalId not found in Entra (likely deleted user). Verify in Entra, then deactivate the stale Databricks user. Low risk: cannot log in / no duplicate."
4742670959846402,teagan.pemberton1991@example.com,45adc943-8869-4637-a9fa-aa38a6f1d10c,EXTERNAL_ID_NOT_IN_IDP,"externalId not found in Entra (likely deleted user). Verify in Entra, then deactivate the stale Databricks user. Low risk: cannot log in / no duplicate."
2057042527397344,riley.fenwick1814@example.com,fa287508-ec82-4407-a229-fc0fab22af71,EXTERNAL_ID_NOT_IN_IDP,"externalId not found in Entra (likely deleted user). Verify in Entra, then deactivate the stale Databricks user. Low risk: cannot log in / no duplicate."
1703762203311185,indigo.whitfield4820@example.com,cb3fd93b-a0bf-4bce-a740-ab0f4eca0500,EXTERNAL_ID_NOT_IN_IDP,"externalId not found in Entra (likely deleted user). Verify in Entra, then deactivate the stale Databricks user. Low risk: cannot log in / no duplicate."
9059532015132294,riley.carlisle7052@example.com,69019960-7583-4b93-a1ce-99509f4817a6,EXTERNAL_ID_NOT_IN_IDP,"externalId not found in Entra (likely deleted user). Verify in Entra, then deactivate the stale Databricks user. Low risk: cannot log in / no duplicate."
7862146221786501,sawyer.bancroft9835@example.com,24d1ea48-7ae7-471c-ab95-247f48641cd7,EXTERNAL_ID_NOT_IN_IDP,"externalId not found in Entra (likely deleted user). Verify in Entra, then deactivate the stale Databricks user. Low risk: cannot log in / no duplicate."
8033744331125074,adrian.vance8882@example.com,ee68066c-4ab1-4015-a52d-6b22cb8da079,EXTERNAL_ID_NOT_IN_IDP,"externalId not found in Entra (likely deleted user). Verify in Entra, then deactivate the stale Databricks user. Low risk: cannot log in / no duplicate."
7383581613738741,devon.kingsley5457@example.com,681b30f0-5938-4268-ab23-8a1762e19bde,EXTERNAL_ID_NOT_IN_IDP,"externalId not found in Entra (likely deleted user). Verify in Entra, then deactivate the stale Databricks user. Low risk: cannot log in / no duplicate."
6953577990816094,marlowe.merritt6373@example.com,64aa5ab3-adcf-4ca6-afd4-38d8fb4eb7c1,EXTERNAL_ID_NOT_IN_IDP,"externalId not found in Entra (likely deleted user). Verify in Entra, then deactivate the stale Databricks user. Low risk: cannot log in / no duplicate."
1371681786988350,micah.ellsworth8801@example.com,fa7b0f6d-8166-42a2-ac03-73a190ea6302,EXTERNAL_ID_NOT_IN_IDP,"externalId not found in Entra (likely deleted user). Verify in Entra, then deactivate the stale Databricks user. Low risk: cannot log in / no duplicate."
8615791154627237,jordan.kingsley3393@example.com,ff9e8960-9f70-4302-a338-5cc1eae65cdd,EXTERNAL_ID_NOT_IN_IDP,"externalId not found in Entra (likely deleted user). Verify in Entra, then deactivate the stale Databricks user. Low risk: cannot log in / no duplicate."
3809883000059520,cameron.ashford4808@example.com,175696aa-09d5-48ab-a08a-cd39ac2d12ce,EXTERNAL_ID_NOT_IN_IDP,"externalId not found in Entra (likely deleted user). Verify in Entra, then deactivate the stale Databricks user. Low risk: cannot log in / no duplicate."
6519644476287423,devon.underwood6248@example.com,144b6ed3-145c-401c-a83d-f206e6d66678,EXTERNAL_ID_NOT_IN_IDP,"externalId not found in Entra (likely deleted user). Verify in Entra, then deactivate the stale Databricks user. Low risk: cannot log in / no duplicate."
9711613767262479,cameron.oakes5898@example.com,a5a451a8-67b2-4394-a327-f7edb8ee5899,EXTERNAL_ID_NOT_IN_IDP,"externalId not found in Entra (likely deleted user). Verify in Entra, then deactivate the stale Databricks user. Low risk: cannot log in / no duplicate."
4221027706903461,riley.sinclair4015@example.com,2793d629-8913-44ab-ab40-ac1d713e02f4,EXTERNAL_ID_NOT_IN_IDP,"externalId not found in Entra (likely deleted user). Verify in Entra, then deactivate the stale Databricks user. Low risk: cannot log in / no duplicate."
2161864405394916,micah.northcote8331@example.com,b93f41a3-a068-4535-adb4-6968e88084e8,EXTERNAL_ID_NOT_IN_IDP,"externalId not found in Entra (likely deleted user). Verify in Entra, then deactivate the stale Databricks user. Low risk: cannot log in / no duplicate."
9789288218236884,tanner.fairbanks7098@example.com,c07b624e-5d8c-4ead-ab7a-0d82e9395543,EXTERNAL_ID_NOT_IN_IDP,"externalId not found in Entra (likely deleted user). Verify in Entra, then deactivate the stale Databricks user. Low risk: cannot log in / no duplicate."
4197280954051229,phoenix.yates0737@example.com,066e94c3-3b72-4c55-a0d5-1758cb0aa76e,EXTERNAL_ID_NOT_IN_IDP,"externalId not found in Entra (likely deleted user). Verify in Entra, then deactivate the stale Databricks user. Low risk: cannot log in / no duplicate."
9323325773844400,phoenix.northcote4503@example.com,b5e9bd63-f426-4b7b-a554-ebbccbba9c2a,EXTERNAL_ID_NOT_IN_IDP,"externalId not found in Entra (likely deleted user). Verify in Entra, then deactivate the stale Databricks user. Low risk: cannot log in / no duplicate."
9879303014627767,lane.fenwick9522@example.com,1abef13a-ccb5-4b51-ac0c-3afa1aafefef,EXTERNAL_ID_NOT_IN_IDP,"externalId not found in Entra (likely deleted user). Verify in Entra, then deactivate the stale Databricks user. Low risk: cannot log in / no duplicate."
8389372459394817,quinn.pemberton3551@example.com,f4c1032a-4513-48d8-aac4-53d195086cdc,EXTERNAL_ID_NOT_IN_IDP,"externalId not found in Entra (likely deleted user). Verify in Entra, then deactivate the stale Databricks user. Low risk: cannot log in / no duplicate."
5603181017493300,parker.sinclair9130@example.com,d0687170-2985-426a-a1cc-8f73f31b3e45,EXTERNAL_ID_NOT_IN_IDP,"externalId not found in Entra (likely deleted user). Verify in Entra, then deactivate the stale Databricks user. Low risk: cannot log in / no duplicate."
7534752327686388,bailey.ingram4766@example.com,5a61debd-5eb6-4517-a3b5-48eff78680c6,EXTERNAL_ID_NOT_IN_IDP,"externalId not found in Entra (likely deleted user). Verify in Entra, then deactivate the stale Databricks user. Low risk: cannot log in / no duplicate."
7160969403525941,nico.abbott6823@example.com,2c5592cd-619f-40e5-a17b-eecd9d8aca4f,EXTERNAL_ID_NOT_IN_IDP,"externalId not found in Entra (likely deleted user). Verify in Entra, then deactivate the stale Databricks user. Low risk: cannot log in / no duplicate."
6730332944037615,skyler.stanton4457@example.com,40c7c369-86a2-4fc0-a414-f3e82f4cdda8,EXTERNAL_ID_NOT_IN_IDP,"externalId not found in Entra (likely deleted user). Verify in Entra, then deactivate the stale Databricks user. Low risk: cannot log in / no duplicate."
9150501430620068,riley.darrow8762@example.com,3a2e939f-b2dc-40e2-a438-e66abc01f6ed,EXTERNAL_ID_NOT_IN_IDP,"externalId not found in Entra (likely deleted user). Verify in Entra, then deactivate the stale Databricks user. Low risk: cannot log in / no duplicate."
6193509440520012,tatum.eastwood5860@example.com,7fa099c6-a45b-4682-a746-b9b14bd1edef,EXTERNAL_ID_NOT_IN_IDP,"externalId not found in Entra (likely deleted user). Verify in Entra, then deactivate the stale Databricks user. Low risk: cannot log in / no duplicate."
2626255594493367,lane.ormsby9814@example.com,83cd8b58-d17e-489e-a5e4-4a60e46ae268,EXTERNAL_ID_NOT_IN_IDP,"externalId not found in Entra (likely deleted user). Verify in Entra, then deactivate the stale Databricks user. Low risk: cannot log in / no duplicate."
5754747784035406,bailey.carlisle3131@example.com,33f57cda-844f-4d89-a4c8-9810b1b3b59e,EXTERNAL_ID_NOT_IN_IDP,"externalId not found in Entra (likely deleted user). Verify in Entra, then deactivate the stale Databricks user. Low risk: cannot log in / no duplicate."
2187679695039496,morgan.bancroft2910@example.com,96330da9-754e-4f47-aee8-446cc26e000d,EXTERNAL_ID_NOT_IN_IDP,"externalId not found in Entra (likely deleted user). Verify in Entra, then deactivate the stale Databricks user. Low risk: cannot log in / no duplicate."
7071154617493872,logan.granger3360@example.com,c417b839-b04d-46c1-a22b-e8599d72a19e,EXTERNAL_ID_NOT_IN_IDP,"externalId not found in Entra (likely deleted user). Verify in Entra, then deactivate the stale Databricks user. Low risk: cannot log in / no duplicate."
9235096491727093,sage.northcote3843@example.com,69001167-d588-492a-ab2a-3d8cb808c161,EXTERNAL_ID_NOT_IN_IDP,"externalId not found in Entra (likely deleted user). Verify in Entra, then deactivate the stale Databricks user. Low risk: cannot log in / no duplicate."
5529618815450686,oakley.thornton7302@example.com,7ee26164-5595-487b-a24f-18d5114786e6,EXTERNAL_ID_NOT_IN_IDP,"externalId not found in Entra (likely deleted user). Verify in Entra, then deactivate the stale Databricks user. Low risk: cannot log in / no duplicate."
1255988934749942,oakley.gallagher7339@example.com,65a6064e-e029-44f7-a0c3-39a99b9a2181,EXTERNAL_ID_NOT_IN_IDP,"externalId not found in Entra (likely deleted user). Verify in Entra, then deactivate the stale Databricks user. Low risk: cannot log in / no duplicate."
1428100632838964,sage.bancroft1261@example.com,7dcab165-ca96-444e-a5b7-e3140476edbf,EXTERNAL_ID_NOT_IN_IDP,"externalId not found in Entra (likely deleted user). Verify in Entra, then deactivate the stale Databricks user. Low risk: cannot log in / no duplicate."
5430449272251711,bailey.ashford6292@example.com,92d671ef-e9f6-4a3b-ad24-f52cde63930b,EXTERNAL_ID_NOT_IN_IDP,"externalId not found in Entra (likely deleted user). Verify in Entra, then deactivate the stale Databricks user. Low risk: cannot log in / no duplicate."
1332898355489676,teagan.fenwick3379@example.com,fc7f8071-5c74-44c5-a7e6-d3638a896dfc,EXTERNAL_ID_NOT_IN_IDP,"externalId not found in Entra (likely deleted user). Verify in Entra, then deactivate the stale Databricks user. Low risk: cannot log in / no duplicate."
8571662613289389,lane.fairbanks9474@example.com,bd2332db-d99d-483a-aa8f-6b5f821f96a7,EXTERNAL_ID_NOT_IN_IDP,"externalId not found in Entra (likely deleted user). Verify in Entra, then deactivate the stale Databricks user. Low risk: cannot log in / no duplicate."
3813280055206750,ellis.darrow6167@example.com,c7943756-3d5a-4423-a615-24b1e5ef9ea1,EXTERNAL_ID_NOT_IN_IDP,"externalId not found in Entra (likely deleted user). Verify in Entra, then deactivate the stale Databricks user. Low risk: cannot log in / no duplicate."
8207347644838505,marlowe.sinclair4273@example.com,a29eb956-dee9-41be-a72e-6d0390538b03,EXTERNAL_ID_NOT_IN_IDP,"externalId not found in Entra (likely deleted user). Verify in Entra, then deactivate the stale Databricks user. Low risk: cannot log in / no duplicate."
8546499443077525,casey.granger3967@example.com,c8fc46de-95f7-40f3-af5b-5d5562a0945d,EXTERNAL_ID_NOT_IN_IDP,"externalId not found in Entra (likely deleted user). Verify in Entra, then deactivate the stale Databricks user. Low risk: cannot log in / no duplicate."
5679938426135733,jamie.oakes9062@example.com,9875c7a1-ccaa-4c46-a75f-ad7cce924662,EXTERNAL_ID_NOT_IN_IDP,"externalId not found in Entra (likely deleted user). Verify in Entra, then deactivate the stale Databricks user. Low risk: cannot log in / no duplicate."
3489790550971424,tatum.radcliffe6350@example.com,60cb7b11-65c9-4a69-abdf-261e8cb39289,EXTERNAL_ID_NOT_IN_IDP,"externalId not found in Entra (likely deleted user). Verify in Entra, then deactivate the stale Databricks user. Low risk: cannot log in / no duplicate."
2535993872876271,bailey.langley9915@example.com,fb8a7926-f340-4c19-abd7-a4aa88b67cc1,EXTERNAL_ID_NOT_IN_IDP,"externalId not found in Entra (likely deleted user). Verify in Entra, then deactivate the stale Databricks user. Low risk: cannot log in / no duplicate."
6618971515221137,teagan.jennings1885@example.com,931e579f-6ef7-448b-aa77-855926ab3982,EXTERNAL_ID_NOT_IN_IDP,"externalId not found in Entra (likely deleted user). Verify in Entra, then deactivate the stale Databricks user. Low risk: cannot log in / no duplicate."
9713757948883341,bailey.oakes5069@example.com,76c628df-fd82-439e-a54d-028d2811e0c4,EXTERNAL_ID_NOT_IN_IDP,"externalId not found in Entra (likely deleted user). Verify in Entra, then deactivate the stale Databricks user. Low risk: cannot log in / no duplicate."
9276413943555237,lane.stanton2526@example.com,be3783e2-1e3f-4404-a36a-68da00f87b95,EXTERNAL_ID_NOT_IN_IDP,"externalId not found in Entra (likely deleted user). Verify in Entra, then deactivate the stale Databricks user. Low risk: cannot log in / no duplicate."
9213259420699610,avery.radcliffe4227@example.com,22873b7d-9485-4fa9-a682-95fb26119326,EXTERNAL_ID_NOT_IN_IDP,"externalId not found in Entra (likely deleted user). Verify in Entra, then deactivate the stale Databricks user. Low risk: cannot log in / no duplicate."
7706159320110115,jamie.marchetti3130@example.com,12b6c748-6197-40f3-a1a5-64afc091e855,EXTERNAL_ID_NOT_IN_IDP,"externalId not found in Entra (likely deleted user). Verify in Entra, then deactivate the stale Databricks user. Low risk: cannot log in / no duplicate."
6724060327038667,kai.fenwick1517@example.com,687f2b90-36ab-474a-aff2-e21224cf5dcf,EXTERNAL_ID_NOT_IN_IDP,"externalId not found in Entra (likely deleted user). Verify in Entra, then deactivate the stale Databricks user. Low risk: cannot log in / no duplicate."
7116469545095896,morgan.jennings3475@example.com,710de793-b5d5-433b-ab1d-50a835641e8e,EXTERNAL_ID_NOT_IN_IDP,"externalId not found in Entra (likely deleted user). Verify in Entra, then deactivate the stale Databricks user. Low risk: cannot log in / no duplicate."
8961032336167794,sawyer.merritt6033@example.com,0c5a2970-87b0-479f-a472-60e335aaadd4,EXTERNAL_ID_NOT_IN_IDP,"externalId not found in Entra (likely deleted user). Verify in Entra, then deactivate the stale Databricks user. Low risk: cannot log in / no duplicate."
5785161211037672,phoenix.merritt3911@example.com,1f9052e4-ca0d-44d5-a457-7e28931e310e,EXTERNAL_ID_NOT_IN_IDP,"externalId not found in Entra (likely deleted user). Verify in Entra, then deactivate the stale Databricks user. Low risk: cannot log in / no duplicate."
1983265438025806,skyler.delaney2781@example.com,37241788-a8f5-40f0-a35e-d041888b6bdc,EXTERNAL_ID_NOT_IN_IDP,"externalId not found in Entra (likely deleted user). Verify in Entra, then deactivate the stale Databricks user. Low risk: cannot log in / no duplicate."
9233201493928057,blake.calloway3148@example.com,496be4d1-f671-4550-a2a3-b0bf24566cc9,EXTERNAL_ID_NOT_IN_IDP,"externalId not found in Entra (likely deleted user). Verify in Entra, then deactivate the stale Databricks user. Low risk: cannot log in / no duplicate."
6324755420764327,alex.hollister3319@example.com,e1342399-fb6c-480e-ab4c-fc23a5e61b06,EXTERNAL_ID_NOT_IN_IDP,"externalId not found in Entra (likely deleted user). Verify in Entra, then deactivate the stale Databricks user. Low risk: cannot log in / no duplicate."
4438199380210025,lane.kingsley5749@example.com,4027bfeb-ad54-449b-a63e-ea4e333e7625,EXTERNAL_ID_NOT_IN_IDP,"externalId not found in Entra (likely deleted user). Verify in Entra, then deactivate the stale Databricks user. Low risk: cannot log in / no duplicate."
2205407690640539,wren.oakes0479@example.com,3e8c1ba5-6e58-4724-aefc-640a2f2ecfec,EXTERNAL_ID_NOT_IN_IDP,"externalId not found in Entra (likely deleted user). Verify in Entra, then deactivate the stale Databricks user. Low risk: cannot log in / no duplicate."
6433222677583264,bailey.jennings5727@example.com,d74bc4a4-15a2-4cad-a3e6-10bd4530c446,EXTERNAL_ID_NOT_IN_IDP,"externalId not found in Entra (likely deleted user). Verify in Entra, then deactivate the stale Databricks user. Low risk: cannot log in / no duplicate."
6388392708742620,riley.calloway6543@example.com,57d4fdcc-36cb-4468-a550-f38f1b2a0e68,EXTERNAL_ID_NOT_IN_IDP,"externalId not found in Entra (likely deleted user). Verify in Entra, then deactivate the stale Databricks user. Low risk: cannot log in / no duplicate."
2179981025101835,parker.carlisle8118@example.com,75b7dafa-0d50-4f1d-a6c8-9c2365199d31,EXTERNAL_ID_NOT_IN_IDP,"externalId not found in Entra (likely deleted user). Verify in Entra, then deactivate the stale Databricks user. Low risk: cannot log in / no duplicate."
2773008101579350,logan.ormsby7195@example.com,0d7bc532-bb6e-4481-abdf-2d9975f11785,EXTERNAL_ID_NOT_IN_IDP,"externalId not found in Entra (likely deleted user). Verify in Entra, then deactivate the stale Databricks user. Low risk: cannot log in / no duplicate."
2161671116718192,lane.delaney3427@example.com,478b12df-1bc7-4979-af47-47078d50eb73,EXTERNAL_ID_NOT_IN_IDP,"externalId not found in Entra (likely deleted user). Verify in Entra, then deactivate the stale Databricks user. Low risk: cannot log in / no duplicate."
6956371359995010,jordan.darrow0826@example.com,e27f2215-fa42-4ba4-a2cc-4541a9d9ac8d,EXTERNAL_ID_NOT_IN_IDP,"externalId not found in Entra (likely deleted user). Verify in Entra, then deactivate the stale Databricks user. Low risk: cannot log in / no duplicate."
7803796257950131,jordan.northcote7369@example.com,b9f7e76c-9149-4b97-a90f-42aa290c0501,EXTERNAL_ID_NOT_IN_IDP,"externalId not found in Entra (likely deleted user). Verify in Entra, then deactivate the stale Databricks user. Low risk: cannot log in / no duplicate."
4797506866213290,ellis.granger6244@example.com,5361c895-a4a5-4b7b-a640-ae8e4fa3ebdd,EXTERNAL_ID_NOT_IN_IDP,"externalId not found in Entra (likely deleted user). Verify in Entra, then deactivate the stale Databricks user. Low risk: cannot log in / no duplicate."
1614462415423679,quinn.langley3431@example.com,f7755fe3-0282-454c-ad85-394a0d21949a,EXTERNAL_ID_NOT_IN_IDP,"externalId not found in Entra (likely deleted user). Verify in Entra, then deactivate the stale Databricks user. Low risk: cannot log in / no duplicate."
9030831465944181,marlowe.delaney3645@example.com,40fc4153-4f83-4d9b-a564-a358a9663a65,EXTERNAL_ID_NOT_IN_IDP,"externalId not found in Entra (likely deleted user). Verify in Entra, then deactivate the stale Databricks user. Low risk: cannot log in / no duplicate."
3455015302522423,tatum.ormsby4676@example.com,be5d83ab-5e84-4019-a374-bb83aa8d02a2,EXTERNAL_ID_NOT_IN_IDP,"externalId not found in Entra (likely deleted user). Verify in Entra, then deactivate the stale Databricks user. Low risk: cannot log in / no duplicate."
8158652347699350,devon.underwood6253@example.com,81585b62-1e16-4670-a796-8ab1e68e95f3,EXTERNAL_ID_NOT_IN_IDP,"externalId not found in Entra (likely deleted user). Verify in Entra, then deactivate the stale Databricks user. Low risk: cannot log in / no duplicate."
7402717916128005,phoenix.delaney8118@example.com,27c8ffcc-5da7-4165-a191-5a64cfa6a838,EXTERNAL_ID_NOT_IN_IDP,"externalId not found in Entra (likely deleted user). Verify in Entra, then deactivate the stale Databricks user. Low risk: cannot log in / no duplicate."
2026285716017952,hayden.whitfield6305@example.com,5a202887-d071-4b80-a12f-7c4d89a7fd2f,EXTERNAL_ID_NOT_IN_IDP,"externalId not found in Entra (likely deleted user). Verify in Entra, then deactivate the stale Databricks user. Low risk: cannot log in / no duplicate."
9874492594220567,tatum.ingram1281@example.com,b4477ab3-d12d-4e65-a905-db9833d9e848,EXTERNAL_ID_NOT_IN_IDP,"externalId not found in Entra (likely deleted user). Verify in Entra, then deactivate the stale Databricks user. Low risk: cannot log in / no duplicate."
9065271627484665,finley.northcote8864@example.com,9711a832-1631-4681-a047-e10ecd3cbbd6,EXTERNAL_ID_NOT_IN_IDP,"externalId not found in Entra (likely deleted user). Verify in Entra, then deactivate the stale Databricks user. Low risk: cannot log in / no duplicate."
4728524107502805,jordan.pemberton0633@example.com,8312ce4b-01f5-4cf3-a87c-fb0d0082109a,EXTERNAL_ID_NOT_IN_IDP,"externalId not found in Entra (likely deleted user). Verify in Entra, then deactivate the stale Databricks user. Low risk: cannot log in / no duplicate."
3694747408327727,sawyer.merritt6606@example.com,1352b273-e88e-4f2a-a8a8-f284469b46f4,EXTERNAL_ID_NOT_IN_IDP,"externalId not found in Entra (likely deleted user). Verify in Entra, then deactivate the stale Databricks user. Low risk: cannot log in / no duplicate."
5865911867242894,indigo.jennings8376@example.com,1c81812a-1a05-40fd-aafc-299923772ea7,EXTERNAL_ID_NOT_IN_IDP,"externalId not found in Entra (likely deleted user). Verify in Entra, then deactivate the stale Databricks user. Low risk: cannot log in / no duplicate."
6694194669303618,riley.ellsworth5588@example.com,0bcf5712-2b8d-4663-a8f9-367bd951b025,EXTERNAL_ID_NOT_IN_IDP,"externalId not found in Entra (likely deleted user). Verify in Entra, then deactivate the stale Databricks user. Low risk: cannot log in / no duplicate."
8400894866233655,jamie.oakes9952@example.com,22f57f11-f154-4d53-a0c0-524396a603a7,EXTERNAL_ID_NOT_IN_IDP,"externalId not found in Entra (likely deleted user). Verify in Entra, then deactivate the stale Databricks user. Low risk: cannot log in / no duplicate."
3954561969892055,phoenix.bancroft4540@example.com,732455a0-5866-4d09-a0ab-3946a4ab6cc6,EXTERNAL_ID_NOT_IN_IDP,"externalId not found in Entra (likely deleted user). Verify in Entra, then deactivate the stale Databricks user. Low risk: cannot log in / no duplicate."
4627144444222811,harper.stanton2325@example.com,d243e8ed-556a-4d39-a88e-ff568264c47c,EXTERNAL_ID_NOT_IN_IDP,"externalId not found in Entra (likely deleted user). Verify in Entra, then deactivate the stale Databricks user. Low risk: cannot log in / no duplicate."
5337541081710876,oakley.kingsley4319@example.com,fed06f8a-1dbf-4cd5-a6e2-72965876e0dc,EXTERNAL_ID_NOT_IN_IDP,"externalId not found in Entra (likely deleted user). Verify in Entra, then deactivate the stale Databricks user. Low risk: cannot log in / no duplicate."
3984398654593059,kai.fenwick5408@example.com,cb943a2f-4b82-482b-afa7-5dee35372449,EXTERNAL_ID_NOT_IN_IDP,"externalId not found in Entra (likely deleted user). Verify in Entra, then deactivate the stale Databricks user. Low risk: cannot log in / no duplicate."
2882318838400691,lane.brennan1867@example.com,ca634c3b-91da-49ea-a503-30dcb9b17374,EXTERNAL_ID_NOT_IN_IDP,"externalId not found in Entra (likely deleted user). Verify in Entra, then deactivate the stale Databricks user. Low risk: cannot log in / no duplicate."
6140333333722699,casey.ingram0663@example.com,14e6191b-ca8f-4e52-a056-167fa77e24b5,EXTERNAL_ID_NOT_IN_IDP,"externalId not found in Entra (likely deleted user). Verify in Entra, then deactivate the stale Databricks user. Low risk: cannot log in / no duplicate."
5223379508427105,teagan.ramsey4639@example.com,f2da5b21-f00a-4394-a161-628b2efec21d,EXTERNAL_ID_NOT_IN_IDP,"externalId not found in Entra (likely deleted user). Verify in Entra, then deactivate the stale Databricks user. Low risk: cannot log in / no duplicate."
1664462032677176,nico.calloway2740@example.com,6451b8da-82bf-4798-a039-f01034b5758c,EXTERNAL_ID_NOT_IN_IDP,"externalId not found in Entra (likely deleted user). Verify in Entra, then deactivate the stale Databricks user. Low risk: cannot log in / no duplicate."
5843329781247958,lane.eastwood5826@example.com,8312ce4b-01f5-4cf3-a87c-fb0d0082109a,EXTERNAL_ID_NOT_IN_IDP,"externalId not found in Entra (likely deleted user). Verify in Entra, then deactivate the stale Databricks user. Low risk: cannot log in / no duplicate."
6306990006842777,tanner.gallagher3087@example.com,b0be5a48-785c-4fbe-a596-02905fca26c9,EXTERNAL_ID_NOT_IN_IDP,"externalId not found in Entra (likely deleted user). Verify in Entra, then deactivate the stale Databricks user. Low risk: cannot log in / no duplicate."
2094252256720118,quinn.bancroft8505@example.com,90c7093a-9644-4fe9-a343-7eee31e06e39,EXTERNAL_ID_NOT_IN_IDP,"externalId not found in Entra (likely deleted user). Verify in Entra, then deactivate the stale Databricks user. Low risk: cannot log in / no duplicate."
8037812522930394,tanner.merritt9946@example.com,a57b04cd-0112-4556-abde-0873e4998210,EXTERNAL_ID_NOT_IN_IDP,"externalId not found in Entra (likely deleted user). Verify in Entra, then deactivate the stale Databricks user. Low risk: cannot log in / no duplicate."
3576745352330186,quinn.jennings9027@example.com,9371b85b-0228-4b76-aa96-b040636015d5,EXTERNAL_ID_NOT_IN_IDP,"externalId not found in Entra (likely deleted user). Verify in Entra, then deactivate the stale Databricks user. Low risk: cannot log in / no duplicate."
6708549357822394,kendall.ingram4836@example.com,0a568157-7b11-4d62-a6a0-d3b6ae43cc85,EXTERNAL_ID_NOT_IN_IDP,"externalId not found in Entra (likely deleted user). Verify in Entra, then deactivate the stale Databricks user. Low risk: cannot log in / no duplicate."
1454035387059936,riley.lockwood3910@example.com,3724dd86-1d04-4b94-a79b-65d604f2f60d,EXTERNAL_ID_NOT_IN_IDP,"externalId not found in Entra (likely deleted user). Verify in Entra, then deactivate the stale Databricks user. Low risk: cannot log in / no duplicate."
9776679790620590,emerson.prescott9633@example.com,08801d97-029d-499e-a669-b1064bc74264,EXTERNAL_ID_NOT_IN_IDP,"externalId not found in Entra (likely deleted user). Verify in Entra, then deactivate the stale Databricks user. Low risk: cannot log in / no duplicate."
4307354189811662,tatum.ingram2531@example.com,0bcf5712-2b8d-4663-a8f9-367bd951b025,EXTERNAL_ID_NOT_IN_IDP,"externalId not found in Entra (likely deleted user). Verify in Entra, then deactivate the stale Databricks user. Low risk: cannot log in / no duplicate."
6486440137003072,oakley.quimby9324@example.com,f870a3c9-71c3-472f-aa47-100c0a7dc1bb,EXTERNAL_ID_NOT_IN_IDP,"externalId not found in Entra (likely deleted user). Verify in Entra, then deactivate the stale Databricks user. Low risk: cannot log in / no duplicate."
7001622044812747,morgan.ellsworth5146@example.com,9191f9f7-ca8e-48a2-ad99-e2d796df1d63,EXTERNAL_ID_NOT_IN_IDP,"externalId not found in Entra (likely deleted user). Verify in Entra, then deactivate the stale Databricks user. Low risk: cannot log in / no duplicate."
7569417062000052,casey.jennings4186@example.com,cd11d9b2-b4d7-404b-a161-6c3d70a83f32,EXTERNAL_ID_NOT_IN_IDP,"externalId not found in Entra (likely deleted user). Verify in Entra, then deactivate the stale Databricks user. Low risk: cannot log in / no duplicate."
2503898813115740,noel.vance2553@example.com,6322a5ad-35cf-4626-a765-e4ab86459d08,EXTERNAL_ID_NOT_IN_IDP,"externalId not found in Entra (likely deleted user). Verify in Entra, then deactivate the stale Databricks user. Low risk: cannot log in / no duplicate."
7989487326747676,jordan.jennings2880@example.com,40b50949-c31a-4830-acf5-98eb2fc86826,EXTERNAL_ID_NOT_IN_IDP,"externalId not found in Entra (likely deleted user). Verify in Entra, then deactivate the stale Databricks user. Low risk: cannot log in / no duplicate."
6489552862380590,kendall.calloway0773@example.com,1002deb5-183a-4272-ad0a-25a9991825bb,EXTERNAL_ID_NOT_IN_IDP,"externalId not found in Entra (likely deleted user). Verify in Entra, then deactivate the stale Databricks user. Low risk: cannot log in / no duplicate."
8563993899768418,ellis.abbott8626@example.com,c925c4f7-d250-4027-ab48-a1b28b384ddb,EXTERNAL_ID_NOT_IN_IDP,"externalId not found in Entra (likely deleted user). Verify in Entra, then deactivate the stale Databricks user. Low risk: cannot log in / no duplicate."
2533434938832548,sage.fenwick7719@example.com,be8a1050-41bc-4fc6-ab3a-b8de850b5f9b,EXTERNAL_ID_NOT_IN_IDP,"externalId not found in Entra (likely deleted user). Verify in Entra, then deactivate the stale Databricks user. Low risk: cannot log in / no duplicate."
8509414520528288,avery.hollister8483@example.com,6ccc44ef-4eee-433a-a08a-5527c372ce8f,EXTERNAL_ID_NOT_IN_IDP,"externalId not found in Entra (likely deleted user). Verify in Entra, then deactivate the stale Databricks user. Low risk: cannot log in / no duplicate."
1757781083567357,teagan.stanton0690@example.com,a870522f-c25c-4abd-adb3-e1aa43e49509,EXTERNAL_ID_NOT_IN_IDP,"externalId not found in Entra (likely deleted user). Verify in Entra, then deactivate the stale Databricks user. Low risk: cannot log in / no duplicate."
7164947203574474,noel.calloway3040@example.com,eced7746-d68a-4988-ae5b-ebbb6d0a84f6,EXTERNAL_ID_NOT_IN_IDP,"externalId not found in Entra (likely deleted user). Verify in Entra, then deactivate the stale Databricks user. Low risk: cannot log in / no duplicate."
2236927626187528,teagan.ellsworth9694@example.com,c077f1a9-350f-4cd2-ab6a-50416c69b21d,EXTERNAL_ID_NOT_IN_IDP,"externalId not found in Entra (likely deleted user). Verify in Entra, then deactivate the stale Databricks user. Low risk: cannot log in / no duplicate."
5837998749881963,nico.kingsley6084@example.com,f104043d-be32-4d71-ab73-30c6767ca729,EXTERNAL_ID_NOT_IN_IDP,"externalId not found in Entra (likely deleted user). Verify in Entra, then deactivate the stale Databricks user. Low risk: cannot log in / no duplicate."
6952518991793010,sage.eastwood7215@example.com,6323f466-a597-4670-a3dd-95f834cde005,EXTERNAL_ID_NOT_IN_IDP,"externalId not found in Entra (likely deleted user). Verify in Entra, then deactivate the stale Databricks user. Low risk: cannot log in / no duplicate."
3032883774230440,sawyer.northcote8465@example.com,23417222-8b63-4074-a9fd-2997620055db,EXTERNAL_ID_NOT_IN_IDP,"externalId not found in Entra (likely deleted user). Verify in Entra, then deactivate the stale Databricks user. Low risk: cannot log in / no duplicate."
5228666133349661,emerson.kirkland1173@example.com,ca08e571-7ecd-4d8f-aec7-9965e424af63,EXTERNAL_ID_NOT_IN_IDP,"externalId not found in Entra (likely deleted user). Verify in Entra, then deactivate the stale Databricks user. Low risk: cannot log in / no duplicate."
5791590599881550,jamie.thornton0180@example.com,2312245d-46fc-421a-a088-3eb8b1b7409d,EXTERNAL_ID_NOT_IN_IDP,"externalId not found in Entra (likely deleted user). Verify in Entra, then deactivate the stale Databricks user. Low risk: cannot log in / no duplicate."
4033278558913012,lane.yates6170@example.com,5774cc4d-9ae4-4430-ab38-4e2ceaa14ae3,EXTERNAL_ID_NOT_IN_IDP,"externalId not found in Entra (likely deleted user). Verify in Entra, then deactivate the stale Databricks user. Low risk: cannot log in / no duplicate."
1894561291889257,jordan.vance6725@example.com,218cd364-eb95-436a-aae1-7d44e3b53f66,EXTERNAL_ID_NOT_IN_IDP,"externalId not found in Entra (likely deleted user). Verify in Entra, then deactivate the stale Databricks user. Low risk: cannot log in / no duplicate."
3793189417962594,marlowe.merritt2952@example.com,907d3612-4c18-4640-a168-209a3e1c6d5b,EXTERNAL_ID_NOT_IN_IDP,"externalId not found in Entra (likely deleted user). Verify in Entra, then deactivate the stale Databricks user. Low risk: cannot log in / no duplicate."
4115657044601228,emerson.gallagher3793@example.com,9065fbec-01c5-430d-afff-aead694a7915,EXTERNAL_ID_NOT_IN_IDP,"externalId not found in Entra (likely deleted user). Verify in Entra, then deactivate the stale Databricks user. Low risk: cannot log in / no duplicate."
1768934913888132,oakley.ashford2223@example.com,20226ddf-f53c-4dfb-ad5b-3dc09546f30c,EXTERNAL_ID_NOT_IN_IDP,"externalId not found in Entra (likely deleted user). Verify in Entra, then deactivate the stale Databricks user. Low risk: cannot log in / no duplicate."
8903549721295377,tatum.abbott6505@example.com,e418391c-e0f6-4226-a1e1-363ce605891a,EXTERNAL_ID_NOT_IN_IDP,"externalId not found in Entra (likely deleted user). Verify in Entra, then deactivate the stale Databricks user. Low risk: cannot log in / no duplicate."
3898371508450982,avery.darrow0262@example.com,b7af01f3-7d6a-4a95-a939-899509ba7c32,EXTERNAL_ID_NOT_IN_IDP,"externalId not found in Entra (likely deleted user). Verify in Entra, then deactivate the stale Databricks user. Low risk: cannot log in / no duplicate."
3522440151967069,indigo.pemberton7907@example.com,bae1659d-a82a-48d9-a7f3-f3c1afff0a07,EXTERNAL_ID_NOT_IN_IDP,"externalId not found in Entra (likely deleted user). Verify in Entra, then deactivate the stale Databricks user. Low risk: cannot log in / no duplicate."
3612962592408061,cameron.hollister8630@example.com,cd132a1d-498f-426b-ad98-692081da8db1,EXTERNAL_ID_NOT_IN_IDP,"externalId not found in Entra (likely deleted user). Verify in Entra, then deactivate the stale Databricks user. Low risk: cannot log in / no duplicate."
4814624261819006,quinn.jennings5335@example.com,4d356880-77fe-4290-adac-8d1439a0624c,EXTERNAL_ID_NOT_IN_IDP,"externalId not found in Entra (likely deleted user). Verify in Entra, then deactivate the stale Databricks user. Low risk: cannot log in / no duplicate."
2163032422959335,oakley.delaney0945@example.com,700cb8f2-9ae0-457f-abfc-ca526cc60dae,EXTERNAL_ID_NOT_IN_IDP,"externalId not found in Entra (likely deleted user). Verify in Entra, then deactivate the stale Databricks user. Low risk: cannot log in / no duplicate."
6066300330239358,kai.radcliffe8868@example.com,3151820a-cf9c-43b0-abdd-248bd4cad788,EXTERNAL_ID_NOT_IN_IDP,"externalId not found in Entra (likely deleted user). Verify in Entra, then deactivate the stale Databricks user. Low risk: cannot log in / no duplicate."
2422108685459822,emerson.underwood1171@example.com,a3bfc7bf-d6bf-471e-af1c-34ed61e53978,EXTERNAL_ID_NOT_IN_IDP,"externalId not found in Entra (likely deleted user). Verify in Entra, then deactivate the stale Databricks user. Low risk: cannot log in / no duplicate."
9400676458964915,blake.oakes0599@example.com,8eba5225-09f4-4261-a95e-610887599995,EXTERNAL_ID_NOT_IN_IDP,"externalId not found in Entra (likely deleted user). Verify in Entra, then deactivate the stale Databricks user. Low risk: cannot log in / no duplicate."
6667916682571232,sawyer.ashford6242@example.com,52ac2c94-3048-4ee9-a8d5-da0ddcfd01de,EXTERNAL_ID_NOT_IN_IDP,"externalId not found in Entra (likely deleted user). Verify in Entra, then deactivate the stale Databricks user. Low risk: cannot log in / no duplicate."
9345400108805852,quinn.jennings4444@example.com,67b98878-68cf-495f-adb3-db5ec624a348,EXTERNAL_ID_NOT_IN_IDP,"externalId not found in Entra (likely deleted user). Verify in Entra, then deactivate the stale Databricks user. Low risk: cannot log in / no duplicate."
1490103021066796,casey.ormsby4871@example.com,d698f528-68e0-4609-a877-5ec706b516c3,EXTERNAL_ID_NOT_IN_IDP,"externalId not found in Entra (likely deleted user). Verify in Entra, then deactivate the stale Databricks user. Low risk: cannot log in / no duplicate."
1010703394211631,adrian.yates6232@example.com,f98904de-d103-404d-ad7c-0ea4ae7effb5,EXTERNAL_ID_NOT_IN_IDP,"externalId not found in Entra (likely deleted user). Verify in Entra, then deactivate the stale Databricks user. Low risk: cannot log in / no duplicate."
7194452198171047,riley.carlisle7523@example.com,54fce544-dea6-4e2e-ad34-cb2da444ec56,EXTERNAL_ID_NOT_IN_IDP,"externalId not found in Entra (likely deleted user). Verify in Entra, then deactivate the stale Databricks user. Low risk: cannot log in / no duplicate."
2725168674864289,nico.pemberton8869@example.com,6ba70a30-85aa-4da4-a35b-aaa6308c6cba,EXTERNAL_ID_NOT_IN_IDP,"externalId not found in Entra (likely deleted user). Verify in Entra, then deactivate the stale Databricks user. Low risk: cannot log in / no duplicate."
8093075227913590,sage.lockwood4225@example.com,e0ae6e92-b89d-4e1e-ab1f-7dc42682d1fb,EXTERNAL_ID_NOT_IN_IDP,"externalId not found in Entra (likely deleted user). Verify in Entra, then deactivate the stale Databricks user. Low risk: cannot log in / no duplicate."
9150691159706627,harper.calloway5874@example.com,bc222a6b-d4aa-4d2c-ae42-7f5ce77ca1c0,EXTERNAL_ID_NOT_IN_IDP,"externalId not found in Entra (likely deleted user). Verify in Entra, then deactivate the stale Databricks user. Low risk: cannot log in / no duplicate."
6117669815886469,finley.langley1023@example.com,3cf2c3f4-21b5-42e4-ab50-938a23fcf1bf,EXTERNAL_ID_NOT_IN_IDP,"externalId not found in Entra (likely deleted user). Verify in Entra, then deactivate the stale Databricks user. Low risk: cannot log in / no duplicate."
9339508537227661,oakley.abbott7720@example.com,50485de8-74ad-49cb-a05f-32bbde3f4697,EXTERNAL_ID_NOT_IN_IDP,"externalId not found in Entra (likely deleted user). Verify in Entra, then deactivate the stale Databricks user. Low risk: cannot log in / no duplicate."
4660670931899861,sage.yates8510@example.com,90ff93ef-c0eb-4565-a145-9e26457a459c,EXTERNAL_ID_NOT_IN_IDP,"externalId not found in Entra (likely deleted user). Verify in Entra, then deactivate the stale Databricks user. Low risk: cannot log in / no duplicate."
5672990257666897,indigo.carlisle7694@example.com,4f0869f6-b11b-45e5-accf-385278904d02,EXTERNAL_ID_NOT_IN_IDP,"externalId not found in Entra (likely deleted user). Verify in Entra, then deactivate the stale Databricks user. Low risk: cannot log in / no duplicate."
4276193403357583,sawyer.prescott6984@example.com,76bd6517-2eab-41eb-a1af-0c99a23a0925,EXTERNAL_ID_NOT_IN_IDP,"externalId not found in Entra (likely deleted user). Verify in Entra, then deactivate the stale Databricks user. Low risk: cannot log in / no duplicate."
6671152099142162,dakota.whitfield6221@example.com,a14d3438-41cd-493a-ae53-bf59cf475ef4,EXTERNAL_ID_NOT_IN_IDP,"externalId not found in Entra (likely deleted user). Verify in Entra, then deactivate the stale Databricks user. Low risk: cannot log in / no duplicate."
3306955818476618,vaughn.stanton4212@example.com,195b4373-7408-4dfe-a25b-0fcef643a951,EXTERNAL_ID_NOT_IN_IDP,"externalId not found in Entra (likely deleted user). Verify in Entra, then deactivate the stale Databricks user. Low risk: cannot log in / no duplicate."
9908391766067111,cameron.hawthorne6586@example.com,75e0dfcd-e23d-4012-a85a-86a225f0ba2f,EXTERNAL_ID_NOT_IN_IDP,"externalId not found in Entra (likely deleted user). Verify in Entra, then deactivate the stale Databricks user. Low risk: cannot log in / no duplicate."
6742994371493886,tatum.fenwick7377@example.com,67181e8f-24d5-4a42-a222-55d19ca3b0f5,EXTERNAL_ID_NOT_IN_IDP,"externalId not found in Entra (likely deleted user). Verify in Entra, then deactivate the stale Databricks user. Low risk: cannot log in / no duplicate."
7788832199533344,tatum.ingram8180@example.com,d48d5fe5-bebd-4a39-af7a-8c17333e6cb1,EXTERNAL_ID_NOT_IN_IDP,"externalId not found in Entra (likely deleted user). Verify in Entra, then deactivate the stale Databricks user. Low risk: cannot log in / no duplicate."
3776159699915600,reese.quimby3214@example.com,2b3d0fb1-0d7e-442d-ac3b-dce9d443bad1,EXTERNAL_ID_NOT_IN_IDP,"externalId not found in Entra (likely deleted user). Verify in Entra, then deactivate the stale Databricks user. Low risk: cannot log in / no duplicate."
9096147195796309,avery.sinclair2732@example.com,88abd6cb-58b4-447b-a22c-fa4c2ecedeab,EXTERNAL_ID_NOT_IN_IDP,"externalId not found in Entra (likely deleted user). Verify in Entra, then deactivate the stale Databricks user. Low risk: cannot log in / no duplicate."
1689189446138896,bailey.bancroft2287@example.com,f8fce501-4d69-4339-a75d-e0f653e4686b,EXTERNAL_ID_NOT_IN_IDP,"externalId not found in Entra (likely deleted user). Verify in Entra, then deactivate the stale Databricks user. Low risk: cannot log in / no duplicate."
9615406672001313,skyler.delaney6464@example.com,152e063c-4ccb-4752-a444-17770ea1262e,EXTERNAL_ID_NOT_IN_IDP,"externalId not found in Entra (likely deleted user). Verify in Entra, then deactivate the stale Databricks user. Low risk: cannot log in / no duplicate."
1716940366422533,wren.bancroft0430@example.com,87f96e2c-f0df-4506-a589-89935507d016,EXTERNAL_ID_NOT_IN_IDP,"externalId not found in Entra (likely deleted user). Verify in Entra, then deactivate the stale Databricks user. Low risk: cannot log in / no duplicate."
6531947565253100,riley.merritt6144@example.com,17bbf77f-6c74-4d7f-af9e-d349aad88bb6,EXTERNAL_ID_NOT_IN_IDP,"externalId not found in Entra (likely deleted user). Verify in Entra, then deactivate the stale Databricks user. Low risk: cannot log in / no duplicate."
6216706105265498,kendall.fenwick8288@example.com,cf0df7f0-18b8-4233-a8b7-02e1a7b3dca1,EXTERNAL_ID_NOT_IN_IDP,"externalId not found in Entra (likely deleted user). Verify in Entra, then deactivate the stale Databricks user. Low risk: cannot log in / no duplicate."
3886450283574578,morgan.kingsley5007@example.com,857577f0-dcce-4c23-ac11-e10314cfae02,EXTERNAL_ID_NOT_IN_IDP,"externalId not found in Entra (likely deleted user). Verify in Entra, then deactivate the stale Databricks user. Low risk: cannot log in / no duplicate."
3960107832866847,adrian.darrow6074@example.com,08c26d19-db2a-483c-af2e-81a4186b31c3,EXTERNAL_ID_NOT_IN_IDP,"externalId not found in Entra (likely deleted user). Verify in Entra, then deactivate the stale Databricks user. Low risk: cannot log in / no duplicate."
5525748107116406,ellis.norwood6709@example.com,8142da0f-74cb-4e8b-a838-81cdc44ebe6c,EXTERNAL_ID_NOT_IN_IDP,"externalId not found in Entra (likely deleted user). Verify in Entra, then deactivate the stale Databricks user. Low risk: cannot log in / no duplicate."
4881594196103503,casey.marchetti1818@example.com,b546fda5-37cf-436d-a47e-92571c6b9727,EXTERNAL_ID_NOT_IN_IDP,"externalId not found in Entra (likely deleted user). Verify in Entra, then deactivate the stale Databricks user. Low risk: cannot log in / no duplicate."
4375054943213871,jamie.stanton8141@example.com,c353f253-4092-4170-a29a-ad8ddee446ce,EXTERNAL_ID_NOT_IN_IDP,"externalId not found in Entra (likely deleted user). Verify in Entra, then deactivate the stale Databricks user. Low risk: cannot log in / no duplicate."
4762091727253745,micah.langley6630@example.com,1b4e6611-49ad-470e-ab9b-9c665dc1f53e,EXTERNAL_ID_NOT_IN_IDP,"externalId not found in Entra (likely deleted user). Verify in Entra, then deactivate the stale Databricks user. Low risk: cannot log in / no duplicate."
5633592476300766,dakota.northcote5019@example.com,67911518-88bb-44fe-a13c-f18fc56786fd,EXTERNAL_ID_NOT_IN_IDP,"externalId not found in Entra (likely deleted user). Verify in Entra, then deactivate the stale Databricks user. Low risk: cannot log in / no duplicate."
9205781847729874,reese.norwood7493@example.com,3b2ab815-4f84-45bc-a21b-0baa200d1d6c,EXTERNAL_ID_NOT_IN_IDP,"externalId not found in Entra (likely deleted user). Verify in Entra, then deactivate the stale Databricks user. Low risk: cannot log in / no duplicate."
6440990649077503,parker.lockwood4131@example.com,0075c09d-1e84-41c7-a429-9fefa594b63c,EXTERNAL_ID_NOT_IN_IDP,"externalId not found in Entra (likely deleted user). Verify in Entra, then deactivate the stale Databricks user. Low risk: cannot log in / no duplicate."
5866939724434727,ellis.ellsworth5059@example.com,bf6ffcb0-5083-4a32-a249-07f5cb10b8bd,EXTERNAL_ID_NOT_IN_IDP,"externalId not found in Entra (likely deleted user). Verify in Entra, then deactivate the stale Databricks user. Low risk: cannot log in / no duplicate."
9406640084902085,finley.marchetti2279@example.com,0b8e6c9b-40e5-450a-a6dc-25f05d1adf56,EXTERNAL_ID_NOT_IN_IDP,"externalId not found in Entra (likely deleted user). Verify in Entra, then deactivate the stale Databricks user. Low risk: cannot log in / no duplicate."
7991813641193947,adrian.ellsworth6251@example.com,a372be72-a931-4d1e-aa6e-af8a9c9e3685,EXTERNAL_ID_NOT_IN_IDP,"externalId not found in Entra (likely deleted user). Verify in Entra, then deactivate the stale Databricks user. Low risk: cannot log in / no duplicate."
5807413767509403,parker.northcote2501@example.com,44b7c4d0-53de-4c0e-a944-daf3e2fa5dc3,EXTERNAL_ID_NOT_IN_IDP,"externalId not found in Entra (likely deleted user). Verify in Entra, then deactivate the stale Databricks user. Low risk: cannot log in / no duplicate."
7497677425489784,kai.ormsby3862@example.com,ca59368b-cb28-4b5c-a4b2-38ffbc09204a,EXTERNAL_ID_NOT_IN_IDP,"externalId not found in Entra (likely deleted user). Verify in Entra, then deactivate the stale Databricks user. Low risk: cannot log in / no duplicate."
7761055942546952,sage.vance4243@example.com,6032cf9d-5bea-40ef-ad51-dd64072aa1f7,EXTERNAL_ID_NOT_IN_IDP,"externalId not found in Entra (likely deleted user). Verify in Entra, then deactivate the stale Databricks user. Low risk: cannot log in / no duplicate."
9203711578302084,teagan.oakes7412@example.com,88d0d5a9-b10d-4d8c-a331-dfa825fb0168,EXTERNAL_ID_NOT_IN_IDP,"externalId not found in Entra (likely deleted user). Verify in Entra, then deactivate the stale Databricks user. Low risk: cannot log in / no duplicate."
5090664783745446,noel.hollister9560@example.com,bae5bc30-954e-46ef-a961-2481884053bc,EXTERNAL_ID_NOT_IN_IDP,"externalId not found in Entra (likely deleted user). Verify in Entra, then deactivate the stale Databricks user. Low risk: cannot log in / no duplicate."
5202150606467215,casey.ramsey7591@example.com,eb740b7d-107d-46f3-ab11-653cfff7f486,EXTERNAL_ID_NOT_IN_IDP,"externalId not found in Entra (likely deleted user). Verify in Entra, then deactivate the stale Databricks user. Low risk: cannot log in / no duplicate."
3949334241205202,cameron.brennan0500@example.com,7f608fa9-2a2c-4990-af9c-62451e846487,EXTERNAL_ID_NOT_IN_IDP,"externalId not found in Entra (likely deleted user). Verify in Entra, then deactivate the stale Databricks user. Low risk: cannot log in / no duplicate."
7545893386064280,morgan.bancroft5412@example.com,bd9303f6-7ad6-450e-a259-f045507087e3,EXTERNAL_ID_NOT_IN_IDP,"externalId not found in Entra (likely deleted user). Verify in Entra, then deactivate the stale Databricks user. Low risk: cannot log in / no duplicate."
7174437545949845,sage.whitfield3627@example.com,f2eb1483-2121-45dd-aa1c-cfb3a40740e4,EXTERNAL_ID_NOT_IN_IDP,"externalId not found in Entra (likely deleted user). Verify in Entra, then deactivate the stale Databricks user. Low risk: cannot log in / no duplicate."
6862466171842571,hayden.yates3756@example.com,7f3686c2-aa47-41be-a168-bff6d287c0da,EXTERNAL_ID_NOT_IN_IDP,"externalId not found in Entra (likely deleted user). Verify in Entra, then deactivate the stale Databricks user. Low risk: cannot log in / no duplicate."
6724950694000521,alex.pemberton0115@example.com,2c81a47b-44b1-444c-a100-c9d24d42cbf3,EXTERNAL_ID_NOT_IN_IDP,"externalId not found in Entra (likely deleted user). Verify in Entra, then deactivate the stale Databricks user. Low risk: cannot log in / no duplicate."
6222253142594230,adrian.prescott4603@example.com,f4901d8b-91f3-4729-a104-4985e15ce54b,EXTERNAL_ID_NOT_IN_IDP,"externalId not found in Entra (likely deleted user). Verify in Entra, then deactivate the stale Databricks user. Low risk: cannot log in / no duplicate."
9496672833279748,casey.prescott2930@example.com,582b246a-b7a3-4f02-aeab-d722e15e5e2a,EXTERNAL_ID_NOT_IN_IDP,"externalId not found in Entra (likely deleted user). Verify in Entra, then deactivate the stale Databricks user. Low risk: cannot log in / no duplicate."
2206416699189436,jordan.prescott3067@example.com,f5991c39-5979-414a-a8d1-6963b36499d5,EXTERNAL_ID_NOT_IN_IDP,"externalId not found in Entra (likely deleted user). Verify in Entra, then deactivate the stale Databricks user. Low risk: cannot log in / no duplicate."
1295498409359111,tanner.ellsworth5545@example.com,f2159ec2-d513-4e6c-adbb-a67745418826,EXTERNAL_ID_NOT_IN_IDP,"externalId not found in Entra (likely deleted user). Verify in Entra, then deactivate the stale Databricks user. Low risk: cannot log in / no duplicate."
6697727336726186,skyler.stanton1645@example.com,391887a7-5fe2-48a4-ab95-5b0b63c36d36,EXTERNAL_ID_NOT_IN_IDP,"externalId not found in Entra (likely deleted user). Verify in Entra, then deactivate the stale Databricks user. Low risk: cannot log in / no duplicate."
2626618041277453,jamie.vance8193@example.com,f85f6f43-2779-4369-a4ee-cbe448f50a8f,EXTERNAL_ID_NOT_IN_IDP,"externalId not found in Entra (likely deleted user). Verify in Entra, then deactivate the stale Databricks user. Low risk: cannot log in / no duplicate."
9491929316756970,ellis.hollister0232@example.com,dbf97602-cb63-40f8-ae64-f476064acc05,EXTERNAL_ID_NOT_IN_IDP,"externalId not found in Entra (likely deleted user). Verify in Entra, then deactivate the stale Databricks user. Low risk: cannot log in / no duplicate."
9835187601539247,quinn.ramsey7438@example.com,bd5ec2b6-e40a-4361-add6-93e5fa1f6895,EXTERNAL_ID_NOT_IN_IDP,"externalId not found in Entra (likely deleted user). Verify in Entra, then deactivate the stale Databricks user. Low risk: cannot log in / no duplicate."
1965911641099867,tatum.delaney4941@example.com,708d26dc-618e-4bd8-a0cc-1bd2f0137f17,EXTERNAL_ID_NOT_IN_IDP,"externalId not found in Entra (likely deleted user). Verify in Entra, then deactivate the stale Databricks user. Low risk: cannot log in / no duplicate."
8450984674493127,quinn.whitfield2093@example.com,cd09f6bd-650f-4315-ad41-514f6605e33c,EXTERNAL_ID_NOT_IN_IDP,"externalId not found in Entra (likely deleted user). Verify in Entra, then deactivate the stale Databricks user. Low risk: cannot log in / no duplicate."
1917607762630028,dakota.darrow7449@example.com,9065fbec-01c5-430d-afff-aead694a7915,EXTERNAL_ID_NOT_IN_IDP,"externalId not found in Entra (likely deleted user). Verify in Entra, then deactivate the stale Databricks user. Low risk: cannot log in / no duplicate."
2164676591376974,phoenix.sinclair8726@example.com,a198d307-fdc1-4d92-ae16-f2a26d660764,EXTERNAL_ID_NOT_IN_IDP,"externalId not found in Entra (likely deleted user). Verify in Entra, then deactivate the stale Databricks user. Low risk: cannot log in / no duplicate."
5379793130662352,adrian.ormsby4574@example.com,b4769c62-7991-4c8c-a3ae-268d5289d1cb,EXTERNAL_ID_NOT_IN_IDP,"externalId not found in Entra (likely deleted user). Verify in Entra, then deactivate the stale Databricks user. Low risk: cannot log in / no duplicate."
2266277645933322,avery.brennan3707@example.com,bb6b9111-656a-40fe-ae3e-1442a1a03305,EXTERNAL_ID_NOT_IN_IDP,"externalId not found in Entra (likely deleted user). Verify in Entra, then deactivate the stale Databricks user. Low risk: cannot log in / no duplicate."
5354042522899547,emerson.ellsworth0860@example.com,475dba28-8ecf-4620-a81c-db79c0cbea22,EXTERNAL_ID_NOT_IN_IDP,"externalId not found in Entra (likely deleted user). Verify in Entra, then deactivate the stale Databricks user. Low risk: cannot log in / no duplicate."
2003798377778233,tanner.thornton0398@example.com,5ea04315-fd72-4dbf-ae2d-ea0cf2dcbf4f,EXTERNAL_ID_NOT_IN_IDP,"externalId not found in Entra (likely deleted user). Verify in Entra, then deactivate the stale Databricks user. Low risk: cannot log in / no duplicate."
7596496842903118,harper.oakes7981@example.com,ccff4d4d-3001-42dc-a297-21bf4e3f0301,EXTERNAL_ID_NOT_IN_IDP,"externalId not found in Entra (likely deleted user). Verify in Entra, then deactivate the stale Databricks user. Low risk: cannot log in / no duplicate."
3749601341275227,dakota.calloway7518@example.com,de12a09c-dadc-404d-ac3f-89e81444eba2,EXTERNAL_ID_NOT_IN_IDP,"externalId not found in Entra (likely deleted user). Verify in Entra, then deactivate the stale Databricks user. Low risk: cannot log in / no duplicate."
9028421809986316,skyler.underwood1244@example.com,3322ec18-370e-4636-a543-3e05d90c9337,EXTERNAL_ID_NOT_IN_IDP,"externalId not found in Entra (likely deleted user). Verify in Entra, then deactivate the stale Databricks user. Low risk: cannot log in / no duplicate."
8829225029988303,parker.langley0515@example.com,ee305051-871e-4b9c-a22f-4237ea91bdbe,EXTERNAL_ID_NOT_IN_IDP,"externalId not found in Entra (likely deleted user). Verify in Entra, then deactivate the stale Databricks user. Low risk: cannot log in / no duplicate."
8137117986946713,oakley.fenwick0520@example.com,428ab631-e345-4163-aa00-f10cd52bead7,EXTERNAL_ID_NOT_IN_IDP,"externalId not found in Entra (likely deleted user). Verify in Entra, then deactivate the stale Databricks user. Low risk: cannot log in / no duplicate."
7392527272118314,ellis.ormsby4644@example.com,441fd1f3-6f24-4e9c-ac66-9d6cbb27dc19,EXTERNAL_ID_NOT_IN_IDP,"externalId not found in Entra (likely deleted user). Verify in Entra, then deactivate the stale Databricks user. Low risk: cannot log in / no duplicate."
3589751389823604,kendall.granger5377@example.com,5f6606f4-f8f7-47d1-ad92-96695600e8aa,EXTERNAL_ID_NOT_IN_IDP,"externalId not found in Entra (likely deleted user). Verify in Entra, then deactivate the stale Databricks user. Low risk: cannot log in / no duplicate."
7350644611955013,reese.ramsey8071@example.com,8c3ad8e1-e6f3-4a73-a1ab-213e725aa067,EXTERNAL_ID_NOT_IN_IDP,"externalId not found in Entra (likely deleted user). Verify in Entra, then deactivate the stale Databricks user. Low risk: cannot log in / no duplicate."
2724069158899032,ellis.kingsley9801@example.com,34c69a9a-5d16-4437-aac7-cead41291cd8,EXTERNAL_ID_NOT_IN_IDP,"externalId not found in Entra (likely deleted user). Verify in Entra, then deactivate the stale Databricks user. Low risk: cannot log in / no duplicate."
1045155127922832,bailey.fenwick3769@example.com,6cc70f39-1cce-4e58-a5b7-d54546710542,EXTERNAL_ID_NOT_IN_IDP,"externalId not found in Entra (likely deleted user). Verify in Entra, then deactivate the stale Databricks user. Low risk: cannot log in / no duplicate."
6889832055793000,tatum.underwood6409@example.com,f0159044-8462-47b7-a3a8-d58e6e268dc4,EXTERNAL_ID_NOT_IN_IDP,"externalId not found in Entra (likely deleted user). Verify in Entra, then deactivate the stale Databricks user. Low risk: cannot log in / no duplicate."
6120921611362766,lane.ingram3280@example.com,510d0d19-cafb-4c99-a0a8-e9bd21104cd5,EXTERNAL_ID_NOT_IN_IDP,"externalId not found in Entra (likely deleted user). Verify in Entra, then deactivate the stale Databricks user. Low risk: cannot log in / no duplicate."
9838467341327943,oakley.brennan5966@example.com,3a0ce5aa-5d0e-4fce-a741-f1262bc52f6b,EXTERNAL_ID_NOT_IN_IDP,"externalId not found in Entra (likely deleted user). Verify in Entra, then deactivate the stale Databricks user. Low risk: cannot log in / no duplicate."
9111836579893081,sawyer.lockwood3789@example.com,18b81742-4461-4bf2-a63a-e2871ba97e3b,EXTERNAL_ID_NOT_IN_IDP,"externalId not found in Entra (likely deleted user). Verify in Entra, then deactivate the stale Databricks user. Low risk: cannot log in / no duplicate."
3188443355944541,phoenix.stanton7103@example.com,5d0995df-ac1c-4ab8-a17c-cbaef9ce011f,EXTERNAL_ID_NOT_IN_IDP,"externalId not found in Entra (likely deleted user). Verify in Entra, then deactivate the stale Databricks user. Low risk: cannot log in / no duplicate."
3266232829613248,hayden.norwood7056@example.com,af13366e-d903-40e7-a6e6-c115d627e26a,EXTERNAL_ID_NOT_IN_IDP,"externalId not found in Entra (likely deleted user). Verify in Entra, then deactivate the stale Databricks user. Low risk: cannot log in / no duplicate."
1584593455082369,morgan.underwood2763@example.com,67b98878-68cf-495f-adb3-db5ec624a348,EXTERNAL_ID_NOT_IN_IDP,"externalId not found in Entra (likely deleted user). Verify in Entra, then deactivate the stale Databricks user. Low risk: cannot log in / no duplicate."
6715291547959776,tatum.jennings0229@example.com,7eab7357-a16d-44eb-afd3-9778fefd3585,EXTERNAL_ID_NOT_IN_IDP,"externalId not found in Entra (likely deleted user). Verify in Entra, then deactivate the stale Databricks user. Low risk: cannot log in / no duplicate."
9225346789494645,dakota.hawthorne1756@example.com,838a396e-d641-4450-a69e-da516f4dd424,EXTERNAL_ID_NOT_IN_IDP,"externalId not found in Entra (likely deleted user). Verify in Entra, then deactivate the stale Databricks user. Low risk: cannot log in / no duplicate."
5983923888623056,micah.brennan9498@example.com,3b297ff7-7dbd-416a-ad7e-98b19855907a,EXTERNAL_ID_NOT_IN_IDP,"externalId not found in Entra (likely deleted user). Verify in Entra, then deactivate the stale Databricks user. Low risk: cannot log in / no duplicate."
4355721768303522,vaughn.abbott1553@example.com,87edaa02-7f9f-4aca-a159-2c0d1f01435c,EXTERNAL_ID_NOT_IN_IDP,"externalId not found in Entra (likely deleted user). Verify in Entra, then deactivate the stale Databricks user. Low risk: cannot log in / no duplicate."
7720987686984322,gray.darrow1621@example.com,8a7495cf-8b6b-4cd9-ab21-7c125c841475,EXTERNAL_ID_NOT_IN_IDP,"externalId not found in Entra (likely deleted user). Verify in Entra, then deactivate the stale Databricks user. Low risk: cannot log in / no duplicate."
2074675958693062,blake.carlisle0667@example.com,bfacbe8d-3f0a-45da-a9e2-a9fb0297ef57,EXTERNAL_ID_NOT_IN_IDP,"externalId not found in Entra (likely deleted user). Verify in Entra, then deactivate the stale Databricks user. Low risk: cannot log in / no duplicate."
8838618247249993,oakley.abbott0760@example.com,067886aa-4937-4d50-af20-f3b4bfea1c58,EXTERNAL_ID_NOT_IN_IDP,"externalId not found in Entra (likely deleted user). Verify in Entra, then deactivate the stale Databricks user. Low risk: cannot log in / no duplicate."
8769288166428194,sage.lockwood6229@example.com,0b845230-e094-4e90-a600-95922ec243a0,EXTERNAL_ID_NOT_IN_IDP,"externalId not found in Entra (likely deleted user). Verify in Entra, then deactivate the stale Databricks user. Low risk: cannot log in / no duplicate."
4606147764967691,riley.brennan4149@example.com,82c373bf-e143-4313-a29c-e65e670d3b52,EXTERNAL_ID_NOT_IN_IDP,"externalId not found in Entra (likely deleted user). Verify in Entra, then deactivate the stale Databricks user. Low risk: cannot log in / no duplicate."
7617547362733944,phoenix.sinclair3158@example.com,fc2d5d2f-a12d-4172-a7b0-be00ba43ab98,EXTERNAL_ID_NOT_IN_IDP,"externalId not found in Entra (likely deleted user). Verify in Entra, then deactivate the stale Databricks user. Low risk: cannot log in / no duplicate."
4153677061330221,lane.fenwick8457@example.com,a488cefb-6aad-46c3-a2bc-15fab55bcd92,EXTERNAL_ID_NOT_IN_IDP,"externalId not found in Entra (likely deleted user). Verify in Entra, then deactivate the stale Databricks user. Low risk: cannot log in / no duplicate."
2350679940303305,kendall.fenwick8868@example.com,b12fa60c-6f71-4059-a722-4f942942483c,EXTERNAL_ID_NOT_IN_IDP,"externalId not found in Entra (likely deleted user). Verify in Entra, then deactivate the stale Databricks user. Low risk: cannot log in / no duplicate."
8337791338552766,reese.carlisle1242@example.com,adf251f3-fa85-4cfb-a4f4-b19fb1584813,EXTERNAL_ID_NOT_IN_IDP,"externalId not found in Entra (likely deleted user). Verify in Entra, then deactivate the stale Databricks user. Low risk: cannot log in / no duplicate."
2494032022286462,riley.ormsby8328@example.com,505ab03a-8452-4a29-a562-c8fc746d1844,EXTERNAL_ID_NOT_IN_IDP,"externalId not found in Entra (likely deleted user). Verify in Entra, then deactivate the stale Databricks user. Low risk: cannot log in / no duplicate."
3815552059549012,bailey.lockwood9874@example.com,3a22df37-323c-4135-a377-1a7f6860ae40,EXTERNAL_ID_NOT_IN_IDP,"externalId not found in Entra (likely deleted user). Verify in Entra, then deactivate the stale Databricks user. Low risk: cannot log in / no duplicate."
1579640833409272,quinn.fairbanks0256@example.com,cc2ad3d1-4fea-442e-a1ee-2dbb4ea277ff,EXTERNAL_ID_NOT_IN_IDP,"externalId not found in Entra (likely deleted user). Verify in Entra, then deactivate the stale Databricks user. Low risk: cannot log in / no duplicate."
7977471273945524,tatum.abbott3039@example.com,8d7e4404-e587-4826-a8ca-c0ba62338c60,EXTERNAL_ID_NOT_IN_IDP,"externalId not found in Entra (likely deleted user). Verify in Entra, then deactivate the stale Databricks user. Low risk: cannot log in / no duplicate."
1887093328199057,noel.merritt0700@example.com,bf144eb5-a8ae-426b-a226-1769055a8ac0,EXTERNAL_ID_NOT_IN_IDP,"externalId not found in Entra (likely deleted user). Verify in Entra, then deactivate the stale Databricks user. Low risk: cannot log in / no duplicate."
1227703323205574,hayden.kirkland3442@example.com,5ae984c3-0efc-4426-ad4a-8536b770e2bf,EXTERNAL_ID_NOT_IN_IDP,"externalId not found in Entra (likely deleted user). Verify in Entra, then deactivate the stale Databricks user. Low risk: cannot log in / no duplicate."
8057791427428964,vaughn.sinclair5689@example.com,de8c49c0-7de2-41dd-a8cc-413a4ac89b94,EXTERNAL_ID_NOT_IN_IDP,"externalId not found in Entra (likely deleted user). Verify in Entra, then deactivate the stale Databricks user. Low risk: cannot log in / no duplicate."
3151818810335529,bailey.calloway8438@example.com,64a759a2-b181-4e46-a8a5-cfe0ecb859e8,EXTERNAL_ID_NOT_IN_IDP,"externalId not found in Entra (likely deleted user). Verify in Entra, then deactivate the stale Databricks user. Low risk: cannot log in / no duplicate."
7413325596549866,gray.radcliffe0804@example.com,4a6360a3-49f7-48cd-a162-9830c2791a3d,EXTERNAL_ID_NOT_IN_IDP,"externalId not found in Entra (likely deleted user). Verify in Entra, then deactivate the stale Databricks user. Low risk: cannot log in / no duplicate."
9849655454187255,noel.yates6801@example.com,36f268f4-7a4a-4abb-a049-477d88721f01,EXTERNAL_ID_NOT_IN_IDP,"externalId not found in Entra (likely deleted user). Verify in Entra, then deactivate the stale Databricks user. Low risk: cannot log in / no duplicate."
7180844933620562,rowan.granger7331@example.com,d4397024-2fb1-46e6-a681-415ba7f1cc17,EXTERNAL_ID_NOT_IN_IDP,"externalId not found in Entra (likely deleted user). Verify in Entra, then deactivate the stale Databricks user. Low risk: cannot log in / no duplicate."
5329165867122760,devon.stanton3105@example.com,b240d8b6-f84a-4a21-aa81-c467654a309c,EXTERNAL_ID_NOT_IN_IDP,"externalId not found in Entra (likely deleted user). Verify in Entra, then deactivate the stale Databricks user. Low risk: cannot log in / no duplicate."
8359577705596003,avery.quimby1600@example.com,a1224d77-8d74-4b1f-aa0e-b1f6edcf5b6c,EXTERNAL_ID_NOT_IN_IDP,"externalId not found in Entra (likely deleted user). Verify in Entra, then deactivate the stale Databricks user. Low risk: cannot log in / no duplicate."
8039327793400114,wren.hawthorne7751@example.com,d6b00d89-dd2f-4067-a776-d21abb59a443,EXTERNAL_ID_NOT_IN_IDP,"externalId not found in Entra (likely deleted user). Verify in Entra, then deactivate the stale Databricks user. Low risk: cannot log in / no duplicate."
3101545569816233,rowan.carlisle4331@example.com,b7277f98-e40c-46a7-a238-6263f63f93e3,EXTERNAL_ID_NOT_IN_IDP,"externalId not found in Entra (likely deleted user). Verify in Entra, then deactivate the stale Databricks user. Low risk: cannot log in / no duplicate."
2364496962602364,bailey.vance5834@example.com,4806ab35-8175-48ea-ad52-afb883f71908,EXTERNAL_ID_NOT_IN_IDP,"externalId not found in Entra (likely deleted user). Verify in Entra, then deactivate the stale Databricks user. Low risk: cannot log in / no duplicate."
3115015554813045,parker.quimby4921@example.com,c80b1f4f-9dca-43a7-a72d-8cf13e9793a3,EXTERNAL_ID_NOT_IN_IDP,"externalId not found in Entra (likely deleted user). Verify in Entra, then deactivate the stale Databricks user. Low risk: cannot log in / no duplicate."
6036618640076301,hayden.lockwood9788@example.com,11a1f6bf-f15b-43db-a8f3-5f6c9438ba83,EXTERNAL_ID_NOT_IN_IDP,"externalId not found in Entra (likely deleted user). Verify in Entra, then deactivate the stale Databricks user. Low risk: cannot log in / no duplicate."
8980199881888396,gray.pemberton4219@example.com,0f5dac1e-2a61-47e2-a349-c49d89caa7d1,EXTERNAL_ID_NOT_IN_IDP,"externalId not found in Entra (likely deleted user). Verify in Entra, then deactivate the stale Databricks user. Low risk: cannot log in / no duplicate."
6166628305035577,devon.ellsworth1839@example.com,32c0c37c-0eb6-4323-a722-c5b402abea46,EXTERNAL_ID_NOT_IN_IDP,"externalId not found in Entra (likely deleted user). Verify in Entra, then deactivate the stale Databricks user. Low risk: cannot log in / no duplicate."
7020966830831000,wren.stanton3224@example.com,eb110eab-5a15-48ae-a9b1-32a8e8a60809,EXTERNAL_ID_NOT_IN_IDP,"externalId not found in Entra (likely deleted user). Verify in Entra, then deactivate the stale Databricks user. Low risk: cannot log in / no duplicate."
8334008626088118,rowan.sinclair8275@example.com,4739e771-97f9-49f1-af00-6a7d81159553,EXTERNAL_ID_NOT_IN_IDP,"externalId not found in Entra (likely deleted user). Verify in Entra, then deactivate the stale Databricks user. Low risk: cannot log in / no duplicate."
3303274327777725,avery.abbott7341@example.com,418491cf-b27c-4941-aedd-ebf81f3cf4fe,EXTERNAL_ID_NOT_IN_IDP,"externalId not found in Entra (likely deleted user). Verify in Entra, then deactivate the stale Databricks user. Low risk: cannot log in / no duplicate."
5138352598766847,finley.ashford6410@example.com,681ca1c3-c110-462f-a69f-7478c72b4bd2,EXTERNAL_ID_NOT_IN_IDP,"externalId not found in Entra (likely deleted user). Verify in Entra, then deactivate the stale Databricks user. Low risk: cannot log in / no duplicate."
3386058645523993,hayden.fairbanks3251@example.com,777beac1-a189-43d8-a7de-e71e6d7aff4c,EXTERNAL_ID_NOT_IN_IDP,"externalId not found in Entra (likely deleted user). Verify in Entra, then deactivate the stale Databricks user. Low risk: cannot log in / no duplicate."
9154275061806305,avery.prescott7412@example.com,8d4d5b89-c4b2-4298-abfa-eaaabf094a8e,EXTERNAL_ID_NOT_IN_IDP,"externalId not found in Entra (likely deleted user). Verify in Entra, then deactivate the stale Databricks user. Low risk: cannot log in / no duplicate."
6440907980125262,bailey.ellsworth9191@example.com,4b81b83a-fa01-41c1-a2d5-4de925638e15,EXTERNAL_ID_NOT_IN_IDP,"externalId not found in Entra (likely deleted user). Verify in Entra, then deactivate the stale Databricks user. Low risk: cannot log in / no duplicate."
2127267234543888,teagan.bancroft7519@example.com,b716c7c4-d889-4248-a05c-2d7dcaaa9bf6,EXTERNAL_ID_NOT_IN_IDP,"externalId not found in Entra (likely deleted user). Verify in Entra, then deactivate the stale Databricks user. Low risk: cannot log in / no duplicate."
1863679619178103,lane.quimby7032@example.com,46ee57a0-5b3f-40fd-a347-49a291c536e4,EXTERNAL_ID_NOT_IN_IDP,"externalId not found in Entra (likely deleted user). Verify in Entra, then deactivate the stale Databricks user. Low risk: cannot log in / no duplicate."
3768835440383222,parker.merritt8284@example.com,badab3af-e5f7-4f21-a13f-2182f4b9a93e,EXTERNAL_ID_NOT_IN_IDP,"externalId not found in Entra (likely deleted user). Verify in Entra, then deactivate the stale Databricks user. Low risk: cannot log in / no duplicate."
5860672837455830,devon.carlisle4619@example.com,e2d5e1c0-fedd-4c75-a576-ee03d0cb2825,EXTERNAL_ID_NOT_IN_IDP,"externalId not found in Entra (likely deleted user). Verify in Entra, then deactivate the stale Databricks user. Low risk: cannot log in / no duplicate."
5896747764515281,quinn.ormsby2088@example.com,3e749e05-5077-446f-a133-6d168d9785b2,EXTERNAL_ID_NOT_IN_IDP,"externalId not found in Entra (likely deleted user). Verify in Entra, then deactivate the stale Databricks user. Low risk: cannot log in / no duplicate."
4946837281119623,gray.lockwood9646@example.com,69ee4c5e-d5c4-4b13-a829-04af7292d962,EXTERNAL_ID_NOT_IN_IDP,"externalId not found in Entra (likely deleted user). Verify in Entra, then deactivate the stale Databricks user. Low risk: cannot log in / no duplicate."
5440057629128454,nico.gallagher7129@example.com,428ab631-e345-4163-aa00-f10cd52bead7,EXTERNAL_ID_NOT_IN_IDP,"externalId not found in Entra (likely deleted user). Verify in Entra, then deactivate the stale Databricks user. Low risk: cannot log in / no duplicate."
4260032269654832,micah.sinclair2714@example.com,c3f70cfd-1a7b-48d8-afb5-edeec8edd56a,EXTERNAL_ID_NOT_IN_IDP,"externalId not found in Entra (likely deleted user). Verify in Entra, then deactivate the stale Databricks user. Low risk: cannot log in / no duplicate."
1818013836283442,riley.radcliffe4090@example.com,47c7db3d-0992-4d50-a4ab-3f4da63984dd,EXTERNAL_ID_NOT_IN_IDP,"externalId not found in Entra (likely deleted user). Verify in Entra, then deactivate the stale Databricks user. Low risk: cannot log in / no duplicate."
6969674722234091,wren.thornton0434@example.com,023720e2-a07e-407d-a2c8-6621ef7c04a2,EXTERNAL_ID_NOT_IN_IDP,"externalId not found in Entra (likely deleted user). Verify in Entra, then deactivate the stale Databricks user. Low risk: cannot log in / no duplicate."
5735832810303551,morgan.stanton1048@example.com,b31f4d4b-b3e8-40e9-a2cf-3b3e9ff63c93,EXTERNAL_ID_NOT_IN_IDP,"externalId not found in Entra (likely deleted user). Verify in Entra, then deactivate the stale Databricks user. Low risk: cannot log in / no duplicate."
4595218477476332,nico.eastwood6778@example.com,077dd646-58b6-4b01-ae16-a347a6fa32c3,EXTERNAL_ID_NOT_IN_IDP,"externalId not found in Entra (likely deleted user). Verify in Entra, then deactivate the stale Databricks user. Low risk: cannot log in / no duplicate."
3024699810089825,avery.hawthorne9409@example.com,2145fb41-7d53-462c-a34f-512a519a765d,EXTERNAL_ID_NOT_IN_IDP,"externalId not found in Entra (likely deleted user). Verify in Entra, then deactivate the stale Databricks user. Low risk: cannot log in / no duplicate."
9559398891454752,bailey.ramsey2772@example.com,7fbae0de-3821-4a9c-a178-630fca877070,EXTERNAL_ID_NOT_IN_IDP,"externalId not found in Entra (likely deleted user). Verify in Entra, then deactivate the stale Databricks user. Low risk: cannot log in / no duplicate."
4511225815322793,vaughn.merritt1903@example.com,60915f51-3f48-4164-a29d-65b0c7e52902,EXTERNAL_ID_NOT_IN_IDP,"externalId not found in Entra (likely deleted user). Verify in Entra, then deactivate the stale Databricks user. Low risk: cannot log in / no duplicate."
4237201354574057,jordan.ellsworth9884@example.com,66e8b641-78f0-487a-adaa-277ce6224076,EXTERNAL_ID_NOT_IN_IDP,"externalId not found in Entra (likely deleted user). Verify in Entra, then deactivate the stale Databricks user. Low risk: cannot log in / no duplicate."
2696495742354227,jordan.pemberton9795@example.com,c7fc4326-d1a4-4e29-adc5-1d60c3d51c68,EXTERNAL_ID_NOT_IN_IDP,"externalId not found in Entra (likely deleted user). Verify in Entra, then deactivate the stale Databricks user. Low risk: cannot log in / no duplicate."
1368860906107155,casey.abbott9020@example.com,cbcc78e3-f1e8-4b11-af51-8ff0ba0679fb,EXTERNAL_ID_NOT_IN_IDP,"externalId not found in Entra (likely deleted user). Verify in Entra, then deactivate the stale Databricks user. Low risk: cannot log in / no duplicate."
8576683593163894,jamie.merritt4965@example.com,0650fb17-da21-4b3c-a608-35f79b0316de,EXTERNAL_ID_NOT_IN_IDP,"externalId not found in Entra (likely deleted user). Verify in Entra, then deactivate the stale Databricks user. Low risk: cannot log in / no duplicate."
2833521020972029,nico.eastwood1549@example.com,23461b4d-b24c-45cf-ad4e-eb4811fb8eb1,EXTERNAL_ID_NOT_IN_IDP,"externalId not found in Entra (likely deleted user). Verify in Entra, then deactivate the stale Databricks user. Low risk: cannot log in / no duplicate."
2098400653152215,morgan.gallagher2890@example.com,5b36a822-4931-4e30-acc1-12dbe57d6df4,EXTERNAL_ID_NOT_IN_IDP,"externalId not found in Entra (likely deleted user). Verify in Entra, then deactivate the stale Databricks user. Low risk: cannot log in / no duplicate."
3676934806798746,jamie.norwood1692@example.com,67d89805-800a-4330-a541-6beabf77ba7e,EXTERNAL_ID_NOT_IN_IDP,"externalId not found in Entra (likely deleted user). Verify in Entra, then deactivate the stale Databricks user. Low risk: cannot log in / no duplicate."
6596794622503182,kai.whitfield6458@example.com,ca1cc4a2-21d7-43bd-a89d-22cf3920704e,EXTERNAL_ID_NOT_IN_IDP,"externalId not found in Entra (likely deleted user). Verify in Entra, then deactivate the stale Databricks user. Low risk: cannot log in / no duplicate."
6319000713586101,gray.thornton4160@example.com,bd0a8064-003e-49a8-a4f2-61f3e3f27dd3,EXTERNAL_ID_NOT_IN_IDP,"externalId not found in Entra (likely deleted user). Verify in Entra, then deactivate the stale Databricks user. Low risk: cannot log in / no duplicate."
1252593427609181,casey.fenwick8976@example.com,c6b81e47-c988-4ce5-af92-19c967f2c61a,EXTERNAL_ID_NOT_IN_IDP,"externalId not found in Entra (likely deleted user). Verify in Entra, then deactivate the stale Databricks user. Low risk: cannot log in / no duplicate."
2966301429470089,alex.hollister5833@example.com,a3980810-826f-4e5c-a8bf-e9aa6fa0e718,EXTERNAL_ID_NOT_IN_IDP,"externalId not found in Entra (likely deleted user). Verify in Entra, then deactivate the stale Databricks user. Low risk: cannot log in / no duplicate."
8350117964426106,logan.prescott4172@example.com,8b447fd2-8568-4d54-a17d-b06c592da3ab,EXTERNAL_ID_NOT_IN_IDP,"externalId not found in Entra (likely deleted user). Verify in Entra, then deactivate the stale Databricks user. Low risk: cannot log in / no duplicate."
4454291869386244,logan.oakes7888@example.com,42036c9e-1efe-407a-ae0d-1b6267a74e6c,EXTERNAL_ID_NOT_IN_IDP,"externalId not found in Entra (likely deleted user). Verify in Entra, then deactivate the stale Databricks user. Low risk: cannot log in / no duplicate."
4259350632557937,marlowe.kingsley5523@example.com,4419b22d-ffa0-442b-aa99-e79061ba39e1,EXTERNAL_ID_NOT_IN_IDP,"externalId not found in Entra (likely deleted user). Verify in Entra, then deactivate the stale Databricks user. Low risk: cannot log in / no duplicate."
4593276431873592,jordan.delaney1549@example.com,e94e0d33-a69d-4210-aa34-0e8a1be65ac6,EXTERNAL_ID_NOT_IN_IDP,"externalId not found in Entra (likely deleted user). Verify in Entra, then deactivate the stale Databricks user. Low risk: cannot log in / no duplicate."
7811649488010879,micah.ashford5540@example.com,4faf01ed-7201-4c1d-a341-22f37cbfc85b,EXTERNAL_ID_NOT_IN_IDP,"externalId not found in Entra (likely deleted user). Verify in Entra, then deactivate the stale Databricks user. Low risk: cannot log in / no duplicate."
6423187075127166,teagan.darrow8542@example.com,fecb82be-206d-40af-ad04-da012da28704,EXTERNAL_ID_NOT_IN_IDP,"externalId not found in Entra (likely deleted user). Verify in Entra, then deactivate the stale Databricks user. Low risk: cannot log in / no duplicate."
3883361222598425,adrian.oakes8839@example.com,10f09386-dc60-4dbd-a112-981ba774bb3e,EXTERNAL_ID_NOT_IN_IDP,"externalId not found in Entra (likely deleted user). Verify in Entra, then deactivate the stale Databricks user. Low risk: cannot log in / no duplicate."
4777102009543747,jamie.marchetti2713@example.com,f88df90f-b81e-46e8-ad43-edb1d52a7872,EXTERNAL_ID_NOT_IN_IDP,"externalId not found in Entra (likely deleted user). Verify in Entra, then deactivate the stale Databricks user. Low risk: cannot log in / no duplicate."
8498322833642713,kai.carlisle9457@example.com,ea39657c-f8c9-4a6e-abee-d464881412b7,EXTERNAL_ID_NOT_IN_IDP,"externalId not found in Entra (likely deleted user). Verify in Entra, then deactivate the stale Databricks user. Low risk: cannot log in / no duplicate."
5388457913383289,gray.abbott0494@example.com,ef1d4fe6-c03d-4c56-af7e-9d0e44edb335,EXTERNAL_ID_NOT_IN_IDP,"externalId not found in Entra (likely deleted user). Verify in Entra, then deactivate the stale Databricks user. Low risk: cannot log in / no duplicate."
4690479289401281,nico.stanton0020@example.com,f5df0453-8ec4-472c-a3e4-0808951df9f2,EXTERNAL_ID_NOT_IN_IDP,"externalId not found in Entra (likely deleted user). Verify in Entra, then deactivate the stale Databricks user. Low risk: cannot log in / no duplicate."
7128202358010439,tatum.lockwood1027@example.com,6cd3b16a-0e83-479d-a5e4-9b5f234842b9,EXTERNAL_ID_NOT_IN_IDP,"externalId not found in Entra (likely deleted user). Verify in Entra, then deactivate the stale Databricks user. Low risk: cannot log in / no duplicate."
1842227193298629,tatum.darrow9670@example.com,bf61d620-ca4f-46a1-a6e3-d972602f9027,EXTERNAL_ID_NOT_IN_IDP,"externalId not found in Entra (likely deleted user). Verify in Entra, then deactivate the stale Databricks user. Low risk: cannot log in / no duplicate."
5699746183573507,harper.fairbanks3935@example.com,bcd58dd3-b8ff-4317-a532-546db4a6aade,EXTERNAL_ID_NOT_IN_IDP,"externalId not found in Entra (likely deleted user). Verify in Entra, then deactivate the stale Databricks user. Low risk: cannot log in / no duplicate."
3388884594222231,emerson.oakes0151@example.com,78288021-a96f-40ba-afdb-ba18ef7e42ea,EXTERNAL_ID_NOT_IN_IDP,"externalId not found in Entra (likely deleted user). Verify in Entra, then deactivate the stale Databricks user. Low risk: cannot log in / no duplicate."
8068230916866542,reese.abbott3672@example.com,aec8e830-fe9f-48cb-a36a-1756d2d89e5c,EXTERNAL_ID_NOT_IN_IDP,"externalId not found in Entra (likely deleted user). Verify in Entra, then deactivate the stale Databricks user. Low risk: cannot log in / no duplicate."
4681083844076428,tatum.langley7069@example.com,940e0614-a1b3-4df3-a87f-282fc59f863f,EXTERNAL_ID_NOT_IN_IDP,"externalId not found in Entra (likely deleted user). Verify in Entra, then deactivate the stale Databricks user. Low risk: cannot log in / no duplicate."
2011154203606034,devon.ormsby9766@example.com,124e8e3a-fc40-4f16-aaa3-bd3058fc6014,EXTERNAL_ID_NOT_IN_IDP,"externalId not found in Entra (likely deleted user). Verify in Entra, then deactivate the stale Databricks user. Low risk: cannot log in / no duplicate."
7799442877616905,alex.fenwick0105@example.com,9ef21786-8d70-4822-ab93-794918acad21,EXTERNAL_ID_NOT_IN_IDP,"externalId not found in Entra (likely deleted user). Verify in Entra, then deactivate the stale Databricks user. Low risk: cannot log in / no duplicate."
7194447983728815,teagan.radcliffe0347@example.com,1d7366fa-5ca2-46a9-a90a-24f81ad10b6a,EXTERNAL_ID_NOT_IN_IDP,"externalId not found in Entra (likely deleted user). Verify in Entra, then deactivate the stale Databricks user. Low risk: cannot log in / no duplicate."
6884279915499156,sage.hollister7152@example.com,cfbc3b7b-7485-4304-ad23-13ddbf2913d7,EXTERNAL_ID_NOT_IN_IDP,"externalId not found in Entra (likely deleted user). Verify in Entra, then deactivate the stale Databricks user. Low risk: cannot log in / no duplicate."
3811827279337644,parker.darrow6060@example.com,5317ae89-612f-4631-aebc-1f15bd607509,EXTERNAL_ID_NOT_IN_IDP,"externalId not found in Entra (likely deleted user). Verify in Entra, then deactivate the stale Databricks user. Low risk: cannot log in / no duplicate."
4573357101151400,devon.stanton5539@example.com,0c56a288-58a4-4dd8-a71b-db7e2dde0186,EXTERNAL_ID_NOT_IN_IDP,"externalId not found in Entra (likely deleted user). Verify in Entra, then deactivate the stale Databricks user. Low risk: cannot log in / no duplicate."
5344945492204373,finley.quimby3902@example.com,d352e44c-fce6-4b6c-a019-f2666b4600b8,EXTERNAL_ID_NOT_IN_IDP,"externalId not found in Entra (likely deleted user). Verify in Entra, then deactivate the stale Databricks user. Low risk: cannot log in / no duplicate."
7506790581149842,lane.underwood6093@example.com,075db628-1493-4e2a-ab8c-184798b5d707,EXTERNAL_ID_NOT_IN_IDP,"externalId not found in Entra (likely deleted user). Verify in Entra, then deactivate the stale Databricks user. Low risk: cannot log in / no duplicate."
8459355555861168,nico.bancroft5067@example.com,2e5091c5-3f39-4a7c-ab75-d2d421dad4aa,EXTERNAL_ID_NOT_IN_IDP,"externalId not found in Entra (likely deleted user). Verify in Entra, then deactivate the stale Databricks user. Low risk: cannot log in / no duplicate."
9688491985046269,emerson.brennan1671@example.com,aca92a86-c4b3-4cbc-a9bb-7ff8d185996a,EXTERNAL_ID_NOT_IN_IDP,"externalId not found in Entra (likely deleted user). Verify in Entra, then deactivate the stale Databricks user. Low risk: cannot log in / no duplicate."
4167211440526471,tatum.stanton5088@example.com,27c25a44-9ffb-4edb-a055-04b5a68335b2,EXTERNAL_ID_NOT_IN_IDP,"externalId not found in Entra (likely deleted user). Verify in Entra, then deactivate the stale Databricks user. Low risk: cannot log in / no duplicate."
4931716907470940,tanner.granger4051@example.com,7f7588ed-d948-490b-ad32-e9bbec78e45e,EXTERNAL_ID_NOT_IN_IDP,"externalId not found in Entra (likely deleted user). Verify in Entra, then deactivate the stale Databricks user. Low risk: cannot log in / no duplicate."
1811591554767889,devon.hollister9673@example.com,fc03090e-e0f3-44fb-a028-b91a74592e14,EXTERNAL_ID_NOT_IN_IDP,"externalId not found in Entra (likely deleted user). Verify in Entra, then deactivate the stale Databricks user. Low risk: cannot log in / no duplicate."
6696617436052218,tatum.sinclair0661@example.com,932e85ca-e1ad-4278-a4cc-007c518f0bd3,EXTERNAL_ID_NOT_IN_IDP,"externalId not found in Entra (likely deleted user). Verify in Entra, then deactivate the stale Databricks user. Low risk: cannot log in / no duplicate."
6935489932849105,jordan.langley0914@example.com,091e9c46-84e4-40d2-a6a2-2eea138c77f8,EXTERNAL_ID_NOT_IN_IDP,"externalId not found in Entra (likely deleted user). Verify in Entra, then deactivate the stale Databricks user. Low risk: cannot log in / no duplicate."
9625903376826677,micah.carlisle5384@example.com,d8710daa-0c61-4c77-a12d-231961c8257a,EXTERNAL_ID_NOT_IN_IDP,"externalId not found in Entra (likely deleted user). Verify in Entra, then deactivate the stale Databricks user. Low risk: cannot log in / no duplicate."
6339660751083420,finley.pemberton0226@example.com,8eb755e2-009f-408e-a2d7-7d0dbe45c966,EXTERNAL_ID_NOT_IN_IDP,"externalId not found in Entra (likely deleted user). Verify in Entra, then deactivate the stale Databricks user. Low risk: cannot log in / no duplicate."
2138132544704554,devon.ingram4717@example.com,50c37702-dc3d-4aaf-ae1f-846ed5fd0016,EXTERNAL_ID_NOT_IN_IDP,"externalId not found in Entra (likely deleted user). Verify in Entra, then deactivate the stale Databricks user. Low risk: cannot log in / no duplicate."
1088352203810206,wren.granger3211@example.com,3aa5047d-27eb-4dba-a527-69c846ae955c,EXTERNAL_ID_NOT_IN_IDP,"externalId not found in Entra (likely deleted user). Verify in Entra, then deactivate the stale Databricks user. Low risk: cannot log in / no duplicate."
6866477328478799,adrian.kirkland7617@example.com,a49a587f-46a7-4d55-aaf2-aa126b8035cf,EXTERNAL_ID_NOT_IN_IDP,"externalId not found in Entra (likely deleted user). Verify in Entra, then deactivate the stale Databricks user. Low risk: cannot log in / no duplicate."
5425210481884406,lane.stanton7812@example.com,a426da19-a78c-41f6-a86d-33bba2f4e3b6,EXTERNAL_ID_NOT_IN_IDP,"externalId not found in Entra (likely deleted user). Verify in Entra, then deactivate the stale Databricks user. Low risk: cannot log in / no duplicate."
3702142452030815,emerson.northcote3820@example.com,577a2f4d-bc6d-469b-aec0-4834458a374f,EXTERNAL_ID_NOT_IN_IDP,"externalId not found in Entra (likely deleted user). Verify in Entra, then deactivate the stale Databricks user. Low risk: cannot log in / no duplicate."
8544950377069371,phoenix.oakes6757@example.com,86170c4e-2e82-42c3-a328-10316a7e6b49,EXTERNAL_ID_NOT_IN_IDP,"externalId not found in Entra (likely deleted user). Verify in Entra, then deactivate the stale Databricks user. Low risk: cannot log in / no duplicate."
5223796556564527,finley.kirkland9946@example.com,2babf4db-5a58-40da-ad69-11455b4475d8,EXTERNAL_ID_NOT_IN_IDP,"externalId not found in Entra (likely deleted user). Verify in Entra, then deactivate the stale Databricks user. Low risk: cannot log in / no duplicate."
1181471544740027,reese.kirkland0869@example.com,0eddf039-2389-463e-af44-7551b54d4c90,EXTERNAL_ID_NOT_IN_IDP,"externalId not found in Entra (likely deleted user). Verify in Entra, then deactivate the stale Databricks user. Low risk: cannot log in / no duplicate."
6627707969106927,emerson.abbott5828@example.com,82ac3ea3-891a-4bc8-a266-f2e252e9445b,EXTERNAL_ID_NOT_IN_IDP,"externalId not found in Entra (likely deleted user). Verify in Entra, then deactivate the stale Databricks user. Low risk: cannot log in / no duplicate."
3332892730829138,riley.abbott5764@example.com,b4a34393-06a5-4f09-ab05-62e60fd12175,EXTERNAL_ID_NOT_IN_IDP,"externalId not found in Entra (likely deleted user). Verify in Entra, then deactivate the stale Databricks user. Low risk: cannot log in / no duplicate."
7150886721459393,micah.abbott1735@example.com,25cad08b-1a59-42c6-a55d-296d595eb34d,EXTERNAL_ID_NOT_IN_IDP,"externalId not found in Entra (likely deleted user). Verify in Entra, then deactivate the stale Databricks user. Low risk: cannot log in / no duplicate."
1040841595240373,hayden.merritt1914@example.com,7a262948-1573-4b74-aa6b-cc1aeb905cde,EXTERNAL_ID_NOT_IN_IDP,"externalId not found in Entra (likely deleted user). Verify in Entra, then deactivate the stale Databricks user. Low risk: cannot log in / no duplicate."
7564316473348597,rowan.vance4125@example.com,d429e71a-d4b2-4246-a9db-0de9a74b4740,EXTERNAL_ID_NOT_IN_IDP,"externalId not found in Entra (likely deleted user). Verify in Entra, then deactivate the stale Databricks user. Low risk: cannot log in / no duplicate."
8675121622769632,cameron.radcliffe0346@example.com,191aabe4-dadf-46d3-aa2c-fc851029c4c1,EXTERNAL_ID_NOT_IN_IDP,"externalId not found in Entra (likely deleted user). Verify in Entra, then deactivate the stale Databricks user. Low risk: cannot log in / no duplicate."
1385268725454729,emerson.calloway8220@example.com,542c2e0b-5743-4500-ae2b-b4f1854f2216,EXTERNAL_ID_NOT_IN_IDP,"externalId not found in Entra (likely deleted user). Verify in Entra, then deactivate the stale Databricks user. Low risk: cannot log in / no duplicate."
8761057620447261,reese.fairbanks9118@example.com,048d803d-27c7-4c9f-a45a-a64e3fe35c05,EXTERNAL_ID_NOT_IN_IDP,"externalId not found in Entra (likely deleted user). Verify in Entra, then deactivate the stale Databricks user. Low risk: cannot log in / no duplicate."
9596501535150476,logan.delaney6674@example.com,199efb3a-3441-4098-abd1-697c439982ec,EXTERNAL_ID_NOT_IN_IDP,"externalId not found in Entra (likely deleted user). Verify in Entra, then deactivate the stale Databricks user. Low risk: cannot log in / no duplicate."
4392712249834942,lane.yates2268@example.com,edee22bc-efe8-40f3-af19-49346f7b6298,EXTERNAL_ID_NOT_IN_IDP,"externalId not found in Entra (likely deleted user). Verify in Entra, then deactivate the stale Databricks user. Low risk: cannot log in / no duplicate."
6790763499193783,quinn.kingsley1333@example.com,ce5b0a05-61ac-4097-afba-d91b3cf443a8,EXTERNAL_ID_NOT_IN_IDP,"externalId not found in Entra (likely deleted user). Verify in Entra, then deactivate the stale Databricks user. Low risk: cannot log in / no duplicate."
5282250449692552,alex.jennings2438@example.com,7e410894-6b69-4383-af16-9bb3752799c9,EXTERNAL_ID_NOT_IN_IDP,"externalId not found in Entra (likely deleted user). Verify in Entra, then deactivate the stale Databricks user. Low risk: cannot log in / no duplicate."
5866799916649521,hayden.hawthorne3098@example.com,db2c1ffd-1044-4475-a1c1-bb9ec9cd3e0d,EXTERNAL_ID_NOT_IN_IDP,"externalId not found in Entra (likely deleted user). Verify in Entra, then deactivate the stale Databricks user. Low risk: cannot log in / no duplicate."
6501063432953246,jamie.whitfield3297@example.com,14eb6657-87be-454f-adc7-4fc38a7266e0,EXTERNAL_ID_NOT_IN_IDP,"externalId not found in Entra (likely deleted user). Verify in Entra, then deactivate the stale Databricks user. Low risk: cannot log in / no duplicate."
8369118507166923,ellis.underwood6698@example.com,3dd7ddcb-d29e-42cc-a5d4-fa7a70d38e67,EXTERNAL_ID_NOT_IN_IDP,"externalId not found in Entra (likely deleted user). Verify in Entra, then deactivate the stale Databricks user. Low risk: cannot log in / no duplicate."
1589095999806637,noel.kirkland6121@example.com,428a99ec-c081-4164-a9fe-f037f9a92242,EXTERNAL_ID_NOT_IN_IDP,"externalId not found in Entra (likely deleted user). Verify in Entra, then deactivate the stale Databricks user. Low risk: cannot log in / no duplicate."
1728404457814949,skyler.vance1458@example.com,536f1ee6-f7df-47c8-adb8-0624c81b79ca,EXTERNAL_ID_NOT_IN_IDP,"externalId not found in Entra (likely deleted user). Verify in Entra, then deactivate the stale Databricks user. Low risk: cannot log in / no duplicate."
4688661517830271,alex.quimby0428@example.com,4b3f1233-beb4-4f16-a5a5-6be1237dc46a,EXTERNAL_ID_NOT_IN_IDP,"externalId not found in Entra (likely deleted user). Verify in Entra, then deactivate the stale Databricks user. Low risk: cannot log in / no duplicate."
3728404425699159,rowan.thornton5916@example.com,7558b85d-e3b9-4ef8-a3a0-cc7e31c5b711,EXTERNAL_ID_NOT_IN_IDP,"externalId not found in Entra (likely deleted user). Verify in Entra, then deactivate the stale Databricks user. Low risk: cannot log in / no duplicate."
5877281764734528,riley.delaney0623@example.com,7f35d00f-fbfa-446b-a5c2-2c805edb0d6a,EXTERNAL_ID_NOT_IN_IDP,"externalId not found in Entra (likely deleted user). Verify in Entra, then deactivate the stale Databricks user. Low risk: cannot log in / no duplicate."
9261718989855079,hayden.ingram7218@example.com,e83898fd-9a92-40dd-a419-2cb9f7874df8,EXTERNAL_ID_NOT_IN_IDP,"externalId not found in Entra (likely deleted user). Verify in Entra, then deactivate the stale Databricks user. Low risk: cannot log in / no duplicate."
3133330777776454,hayden.hollister9118@example.com,63f91796-be07-42d3-ac5c-54a669072112,EXTERNAL_ID_NOT_IN_IDP,"externalId not found in Entra (likely deleted user). Verify in Entra, then deactivate the stale Databricks user. Low risk: cannot log in / no duplicate."
5627940844435308,parker.vance3665@example.com,8d04061c-bd74-4ca1-a867-4a2e7fdf451d,EXTERNAL_ID_NOT_IN_IDP,"externalId not found in Entra (likely deleted user). Verify in Entra, then deactivate the stale Databricks user. Low risk: cannot log in / no duplicate."
7959385088118564,indigo.hawthorne3934@example.com,7ea3cfe4-44bb-4913-acfb-ecbca0b1bfc5,EXTERNAL_ID_NOT_IN_IDP,"externalId not found in Entra (likely deleted user). Verify in Entra, then deactivate the stale Databricks user. Low risk: cannot log in / no duplicate."
1935718457057601,indigo.whitfield5025@example.com,42b1efdf-af31-42a9-a18b-c5aa3f931471,EXTERNAL_ID_NOT_IN_IDP,"externalId not found in Entra (likely deleted user). Verify in Entra, then deactivate the stale Databricks user. Low risk: cannot log in / no duplicate."
6962721346405039,vaughn.northcote1924@example.com,eceb4c6c-eb1e-4058-a495-ccb99b2ef7a7,EXTERNAL_ID_NOT_IN_IDP,"externalId not found in Entra (likely deleted user). Verify in Entra, then deactivate the stale Databricks user. Low risk: cannot log in / no duplicate."
4612396877946552,micah.hollister5792@example.com,00f38f32-505f-44f0-a9a6-1c9cb325c746,EXTERNAL_ID_NOT_IN_IDP,"externalId not found in Entra (likely deleted user). Verify in Entra, then deactivate the stale Databricks user. Low risk: cannot log in / no duplicate."
1845494590155731,phoenix.sinclair2438@example.com,300617c9-411e-4457-a6dc-a7d8b440c987,EXTERNAL_ID_NOT_IN_IDP,"externalId not found in Entra (likely deleted user). Verify in Entra, then deactivate the stale Databricks user. Low risk: cannot log in / no duplicate."
2840655793816694,adrian.bancroft3901@example.com,0a2620fb-7856-4ef1-a204-646229811a77,EXTERNAL_ID_NOT_IN_IDP,"externalId not found in Entra (likely deleted user). Verify in Entra, then deactivate the stale Databricks user. Low risk: cannot log in / no duplicate."
8515379571015720,riley.fairbanks1683@example.com,b821ba55-57fd-4795-aef4-2ee88f5110a1,EXTERNAL_ID_NOT_IN_IDP,"externalId not found in Entra (likely deleted user). Verify in Entra, then deactivate the stale Databricks user. Low risk: cannot log in / no duplicate."
8927721436999138,tatum.ingram5830@example.com,9249c571-1101-4dd1-a23a-2fe33a62d0d5,EXTERNAL_ID_NOT_IN_IDP,"externalId not found in Entra (likely deleted user). Verify in Entra, then deactivate the stale Databricks user. Low risk: cannot log in / no duplicate."
8282813551296058,adrian.darrow5878@example.com,56a8256e-7d89-4422-aa0d-faf2b8939de6,EXTERNAL_ID_NOT_IN_IDP,"externalId not found in Entra (likely deleted user). Verify in Entra, then deactivate the stale Databricks user. Low risk: cannot log in / no duplicate."
5903084264444002,bailey.underwood5740@example.com,e3e0440e-7749-4f4d-a1f2-bcff4c6ae1fd,EXTERNAL_ID_NOT_IN_IDP,"externalId not found in Entra (likely deleted user). Verify in Entra, then deactivate the stale Databricks user. Low risk: cannot log in / no duplicate."
1924427673048072,indigo.sinclair6813@example.com,73c4c494-90ac-4d0a-a5b7-f39a44df998f,EXTERNAL_ID_NOT_IN_IDP,"externalId not found in Entra (likely deleted user). Verify in Entra, then deactivate the stale Databricks user. Low risk: cannot log in / no duplicate."
3224567416110801,ellis.ramsey5467@example.com,ef9c1a29-fe69-4b4c-a303-a4a9c5f564a9,EXTERNAL_ID_NOT_IN_IDP,"externalId not found in Entra (likely deleted user). Verify in Entra, then deactivate the stale Databricks user. Low risk: cannot log in / no duplicate."
2764449640231954,morgan.northcote4695@example.com,0d7bc532-bb6e-4481-abdf-2d9975f11785,EXTERNAL_ID_NOT_IN_IDP,"externalId not found in Entra (likely deleted user). Verify in Entra, then deactivate the stale Databricks user. Low risk: cannot log in / no duplicate."
7438538952205752,micah.langley1985@example.com,126fc0b3-24c1-49fd-a197-f903642061b3,EXTERNAL_ID_NOT_IN_IDP,"externalId not found in Entra (likely deleted user). Verify in Entra, then deactivate the stale Databricks user. Low risk: cannot log in / no duplicate."
7225034727591552,logan.calloway1283@example.com,e00b4fa2-e6e6-4686-aab7-ad7cc0b6ea92,EXTERNAL_ID_NOT_IN_IDP,"externalId not found in Entra (likely deleted user). Verify in Entra, then deactivate the stale Databricks user. Low risk: cannot log in / no duplicate."
4220529358257705,kai.granger3768@example.com,89706917-b91b-48df-a984-194441d3d554,EXTERNAL_ID_NOT_IN_IDP,"externalId not found in Entra (likely deleted user). Verify in Entra, then deactivate the stale Databricks user. Low risk: cannot log in / no duplicate."
4108465735041753,sage.darrow6950@example.com,2acfb926-b883-41d6-a4fd-4d25a62b749b,EXTERNAL_ID_NOT_IN_IDP,"externalId not found in Entra (likely deleted user). Verify in Entra, then deactivate the stale Databricks user. Low risk: cannot log in / no duplicate."
2008932753127893,parker.delaney6193@example.com,3d54e8bd-4788-4077-afc8-bf368161a0ce,EXTERNAL_ID_NOT_IN_IDP,"externalId not found in Entra (likely deleted user). Verify in Entra, then deactivate the stale Databricks user. Low risk: cannot log in / no duplicate."
4008677766223659,wren.merritt2016@example.com,e000d4ca-e2ae-4e34-adb2-ffe2f051b065,EXTERNAL_ID_NOT_IN_IDP,"externalId not found in Entra (likely deleted user). Verify in Entra, then deactivate the stale Databricks user. Low risk: cannot log in / no duplicate."
2915157764697478,sawyer.thornton5619@example.com,d6868228-cacf-4106-a8fc-7287e76b951d,EXTERNAL_ID_NOT_IN_IDP,"externalId not found in Entra (likely deleted user). Verify in Entra, then deactivate the stale Databricks user. Low risk: cannot log in / no duplicate."
3485483500699580,blake.marchetti9376@example.com,7bc45036-faaf-43f6-a42c-9713060e317c,EXTERNAL_ID_NOT_IN_IDP,"externalId not found in Entra (likely deleted user). Verify in Entra, then deactivate the stale Databricks user. Low risk: cannot log in / no duplicate."
8303368067906449,tatum.oakes9652@example.com,30f6459a-1437-47b3-a2e1-de873d78ad75,EXTERNAL_ID_NOT_IN_IDP,"externalId not found in Entra (likely deleted user). Verify in Entra, then deactivate the stale Databricks user. Low risk: cannot log in / no duplicate."
5833252288689202,avery.ashford6213@example.com,8b00b1ef-f089-45a6-a409-a46f4f672622,EXTERNAL_ID_NOT_IN_IDP,"externalId not found in Entra (likely deleted user). Verify in Entra, then deactivate the stale Databricks user. Low risk: cannot log in / no duplicate."
3139750769562577,teagan.darrow6554@example.com,394d7a5c-17c3-44bf-a2bd-6fec2ba838f9,EXTERNAL_ID_NOT_IN_IDP,"externalId not found in Entra (likely deleted user). Verify in Entra, then deactivate the stale Databricks user. Low risk: cannot log in / no duplicate."
3487272130335698,tatum.thornton5260@example.com,f598e517-cd9f-4d59-a03d-bd7abf0b1d23,EXTERNAL_ID_NOT_IN_IDP,"externalId not found in Entra (likely deleted user). Verify in Entra, then deactivate the stale Databricks user. Low risk: cannot log in / no duplicate."
1542689907360132,quinn.gallagher4094@example.com,a33afde9-c5ee-49d1-a4e8-2a6e19688cfc,EXTERNAL_ID_NOT_IN_IDP,"externalId not found in Entra (likely deleted user). Verify in Entra, then deactivate the stale Databricks user. Low risk: cannot log in / no duplicate."
7640931338667557,riley.brennan3233@example.com,a4ab62e6-eaba-4eac-a663-caa9cfd3b5e2,EXTERNAL_ID_NOT_IN_IDP,"externalId not found in Entra (likely deleted user). Verify in Entra, then deactivate the stale Databricks user. Low risk: cannot log in / no duplicate."
6640330044783800,parker.whitfield8879@example.com,1cfc05cd-8b1d-4f99-a1d9-0e1dd81dce5d,EXTERNAL_ID_NOT_IN_IDP,"externalId not found in Entra (likely deleted user). Verify in Entra, then deactivate the stale Databricks user. Low risk: cannot log in / no duplicate."
2264279067900861,rowan.bancroft1662@example.com,ea68be5c-8b48-40c8-a05a-be7debd77fdf,EXTERNAL_ID_NOT_IN_IDP,"externalId not found in Entra (likely deleted user). Verify in Entra, then deactivate the stale Databricks user. Low risk: cannot log in / no duplicate."
2769891830673294,nico.lockwood4164@example.com,7b13e7e9-d32c-4ed9-ab8c-b7f1a41c2794,EXTERNAL_ID_NOT_IN_IDP,"externalId not found in Entra (likely deleted user). Verify in Entra, then deactivate the stale Databricks user. Low risk: cannot log in / no duplicate."
1057472506361425,gray.ingram2236@example.com,e2ee9cbc-ea4d-45ab-a7dd-8af2189bd81f,EXTERNAL_ID_NOT_IN_IDP,"externalId not found in Entra (likely deleted user). Verify in Entra, then deactivate the stale Databricks user. Low risk: cannot log in / no duplicate."
8882556002595161,devon.merritt5115@example.com,a81a2e0d-b4ee-490d-a965-767a14fe3193,EXTERNAL_ID_NOT_IN_IDP,"externalId not found in Entra (likely deleted user). Verify in Entra, then deactivate the stale Databricks user. Low risk: cannot log in / no duplicate."
1504511666327843,avery.hollister4374@example.com,b460e58a-16a5-42d4-a7a3-36814da258bf,EXTERNAL_ID_NOT_IN_IDP,"externalId not found in Entra (likely deleted user). Verify in Entra, then deactivate the stale Databricks user. Low risk: cannot log in / no duplicate."
7526002445080748,tatum.oakes4805@example.com,906f08b1-f5a5-472e-aae3-4052e6fd70f1,EXTERNAL_ID_NOT_IN_IDP,"externalId not found in Entra (likely deleted user). Verify in Entra, then deactivate the stale Databricks user. Low risk: cannot log in / no duplicate."
5485857952374069,jordan.marchetti0742@example.com,c5ba1a6a-7cb8-484e-aeba-21117417bad4,EXTERNAL_ID_NOT_IN_IDP,"externalId not found in Entra (likely deleted user). Verify in Entra, then deactivate the stale Databricks user. Low risk: cannot log in / no duplicate."
4119057825284772,sawyer.gallagher6689@example.com,147758a9-b15d-4bdd-acca-fa46edcf045c,EXTERNAL_ID_NOT_IN_IDP,"externalId not found in Entra (likely deleted user). Verify in Entra, then deactivate the stale Databricks user. Low risk: cannot log in / no duplicate."
5519132579942327,tatum.carlisle2700@example.com,711f89c8-d374-4e18-a250-205fe5ddca3a,EXTERNAL_ID_NOT_IN_IDP,"externalId not found in Entra (likely deleted user). Verify in Entra, then deactivate the stale Databricks user. Low risk: cannot log in / no duplicate."
8713211927871778,morgan.norwood2407@example.com,211b56ed-8c3d-4b5d-a9e9-766707b3c96d,EXTERNAL_ID_NOT_IN_IDP,"externalId not found in Entra (likely deleted user). Verify in Entra, then deactivate the stale Databricks user. Low risk: cannot log in / no duplicate."
4171430591864916,jordan.abbott2073@example.com,ef22ead5-46a7-4808-af5f-646666736cfc,EXTERNAL_ID_NOT_IN_IDP,"externalId not found in Entra (likely deleted user). Verify in Entra, then deactivate the stale Databricks user. Low risk: cannot log in / no duplicate."
4838915474578460,bailey.oakes7230@example.com,458b1bcd-57dd-4837-a4d8-1d22290f6c95,EXTERNAL_ID_NOT_IN_IDP,"externalId not found in Entra (likely deleted user). Verify in Entra, then deactivate the stale Databricks user. Low risk: cannot log in / no duplicate."
7553548872050835,tatum.stanton0012@example.com,9eb907b7-b7d6-417e-ac47-3e92123506ed,EXTERNAL_ID_NOT_IN_IDP,"externalId not found in Entra (likely deleted user). Verify in Entra, then deactivate the stale Databricks user. Low risk: cannot log in / no duplicate."
9126775287547916,wren.gallagher3717@example.com,788c1eaa-d955-4533-ad9b-2b212cd62b30,EXTERNAL_ID_NOT_IN_IDP,"externalId not found in Entra (likely deleted user). Verify in Entra, then deactivate the stale Databricks user. Low risk: cannot log in / no duplicate."
7455507128769298,dakota.ellsworth6062@example.com,e65f2561-ce5d-481d-a71b-3e5d76e93bad,EXTERNAL_ID_NOT_IN_IDP,"externalId not found in Entra (likely deleted user). Verify in Entra, then deactivate the stale Databricks user. Low risk: cannot log in / no duplicate."
1528984054798328,harper.ellsworth2059@example.com,400d5ace-15da-4461-af52-d56e3d2cca5b,EXTERNAL_ID_NOT_IN_IDP,"externalId not found in Entra (likely deleted user). Verify in Entra, then deactivate the stale Databricks user. Low risk: cannot log in / no duplicate."
4239559120501637,hayden.ashford5068@example.com,e8424304-791c-4b5f-a2ff-cbffc3da94eb,EXTERNAL_ID_NOT_IN_IDP,"externalId not found in Entra (likely deleted user). Verify in Entra, then deactivate the stale Databricks user. Low risk: cannot log in / no duplicate."
7252340833057669,skyler.radcliffe1320@example.com,d6c3197b-53ec-4112-a5da-77e1d9a78348,EXTERNAL_ID_NOT_IN_IDP,"externalId not found in Entra (likely deleted user). Verify in Entra, then deactivate the stale Databricks user. Low risk: cannot log in / no duplicate."
1318676588452517,hayden.thornton8513@example.com,6d10eb87-156c-42fe-a212-179a90254f62,EXTERNAL_ID_NOT_IN_IDP,"externalId not found in Entra (likely deleted user). Verify in Entra, then deactivate the stale Databricks user. Low risk: cannot log in / no duplicate."
2552205225527023,indigo.ormsby0821@example.com,8889a946-64ce-486b-af89-753f0216460e,EXTERNAL_ID_NOT_IN_IDP,"externalId not found in Entra (likely deleted user). Verify in Entra, then deactivate the stale Databricks user. Low risk: cannot log in / no duplicate."
9954847610716423,tanner.sinclair1173@example.com,51e34832-ceb0-461d-a500-a4338a6647a9,EXTERNAL_ID_NOT_IN_IDP,"externalId not found in Entra (likely deleted user). Verify in Entra, then deactivate the stale Databricks user. Low risk: cannot log in / no duplicate."
8799911630439977,quinn.stanton9102@example.com,2312245d-46fc-421a-a088-3eb8b1b7409d,EXTERNAL_ID_NOT_IN_IDP,"externalId not found in Entra (likely deleted user). Verify in Entra, then deactivate the stale Databricks user. Low risk: cannot log in / no duplicate."
6128354787643840,dakota.norwood1616@example.com,17b8cdb9-8119-48e0-a0f7-c8e30486e27d,EXTERNAL_ID_NOT_IN_IDP,"externalId not found in Entra (likely deleted user). Verify in Entra, then deactivate the stale Databricks user. Low risk: cannot log in / no duplicate."
8964476888554158,marlowe.jennings2552@example.com,b4b466c1-eab7-43a4-a1ac-663e35e0bfc6,EXTERNAL_ID_NOT_IN_IDP,"externalId not found in Entra (likely deleted user). Verify in Entra, then deactivate the stale Databricks user. Low risk: cannot log in / no duplicate."
9584715081243896,indigo.thornton7003@example.com,d3a82f98-c364-4b9d-a906-f65ff55ca613,EXTERNAL_ID_NOT_IN_IDP,"externalId not found in Entra (likely deleted user). Verify in Entra, then deactivate the stale Databricks user. Low risk: cannot log in / no duplicate."
6186844502948471,parker.kirkland5303@example.com,1826369f-4e98-479f-ab5a-3d9cfd15d7f5,EXTERNAL_ID_NOT_IN_IDP,"externalId not found in Entra (likely deleted user). Verify in Entra, then deactivate the stale Databricks user. Low risk: cannot log in / no duplicate."
7476283949364383,hayden.quimby3301@example.com,762668d7-4722-4735-acce-dea6fb1e6226,EXTERNAL_ID_NOT_IN_IDP,"externalId not found in Entra (likely deleted user). Verify in Entra, then deactivate the stale Databricks user. Low risk: cannot log in / no duplicate."
1566751800557986,oakley.norwood8522@example.com,74259fc8-3074-4e31-a8a5-9722ea9ff4d6,EXTERNAL_ID_NOT_IN_IDP,"externalId not found in Entra (likely deleted user). Verify in Entra, then deactivate the stale Databricks user. Low risk: cannot log in / no duplicate."
8247988932884518,gray.abbott5905@example.com,b2001982-e54f-4fbb-ab9e-83f2ae445b32,EXTERNAL_ID_NOT_IN_IDP,"externalId not found in Entra (likely deleted user). Verify in Entra, then deactivate the stale Databricks user. Low risk: cannot log in / no duplicate."
6050734931055422,logan.calloway9248@example.com,8aaeeae1-1480-4e8f-a774-2209f2031170,EXTERNAL_ID_NOT_IN_IDP,"externalId not found in Entra (likely deleted user). Verify in Entra, then deactivate the stale Databricks user. Low risk: cannot log in / no duplicate."
9082327161499155,jordan.calloway2235@example.com,ab3c2488-8f57-4432-a9de-3b45f300437d,EXTERNAL_ID_NOT_IN_IDP,"externalId not found in Entra (likely deleted user). Verify in Entra, then deactivate the stale Databricks user. Low risk: cannot log in / no duplicate."
7760883835274998,logan.whitfield7945@example.com,a990c54f-1f9c-4b1d-af66-0d8f3d45cdc5,EXTERNAL_ID_NOT_IN_IDP,"externalId not found in Entra (likely deleted user). Verify in Entra, then deactivate the stale Databricks user. Low risk: cannot log in / no duplicate."
8300047153152762,logan.whitfield8615@example.com,8fab6eb8-315c-41fa-a425-1fb208de5d7c,EXTERNAL_ID_NOT_IN_IDP,"externalId not found in Entra (likely deleted user). Verify in Entra, then deactivate the stale Databricks user. Low risk: cannot log in / no duplicate."
3442399886498323,tanner.hollister9231@example.com,5ec3f7c9-06a0-4ac4-aedc-c4eb4f785e24,EXTERNAL_ID_NOT_IN_IDP,"externalId not found in Entra (likely deleted user). Verify in Entra, then deactivate the stale Databricks user. Low risk: cannot log in / no duplicate."
1330550700592275,reese.radcliffe9261@example.com,2c2f1028-db4e-4273-a221-4f17aa85e792,EXTERNAL_ID_NOT_IN_IDP,"externalId not found in Entra (likely deleted user). Verify in Entra, then deactivate the stale Databricks user. Low risk: cannot log in / no duplicate."
6304153331493138,riley.quimby7510@example.com,6b808f84-b0ad-4d1d-adda-61fbea29ccf5,EXTERNAL_ID_NOT_IN_IDP,"externalId not found in Entra (likely deleted user). Verify in Entra, then deactivate the stale Databricks user. Low risk: cannot log in / no duplicate."
7572454228613381,tanner.calloway1896@example.com,92f2a266-5956-4fbd-abf9-fd5437e35cb0,EXTERNAL_ID_NOT_IN_IDP,"externalId not found in Entra (likely deleted user). Verify in Entra, then deactivate the stale Databricks user. Low risk: cannot log in / no duplicate."
7237842488546772,adrian.stanton6500@example.com,d5b849ee-91c6-4571-a110-ce187d333e3e,EXTERNAL_ID_NOT_IN_IDP,"externalId not found in Entra (likely deleted user). Verify in Entra, then deactivate the stale Databricks user. Low risk: cannot log in / no duplicate."
5640597678884221,harper.prescott9563@example.com,a8283fc5-002c-4d35-a841-11e3bb7c7d3b,EXTERNAL_ID_NOT_IN_IDP,"externalId not found in Entra (likely deleted user). Verify in Entra, then deactivate the stale Databricks user. Low risk: cannot log in / no duplicate."
8354228511144937,teagan.ormsby4959@example.com,c399c10c-fda5-4796-a4b9-397efb0dd3c1,EXTERNAL_ID_NOT_IN_IDP,"externalId not found in Entra (likely deleted user). Verify in Entra, then deactivate the stale Databricks user. Low risk: cannot log in / no duplicate."
8890130132135628,dakota.ingram2514@example.com,fadf2993-8409-433d-aba8-86931b072b46,EXTERNAL_ID_NOT_IN_IDP,"externalId not found in Entra (likely deleted user). Verify in Entra, then deactivate the stale Databricks user. Low risk: cannot log in / no duplicate."
5118121200396210,marlowe.radcliffe0271@example.com,0518cbdd-1589-4838-a3df-6899e68942db,EXTERNAL_ID_NOT_IN_IDP,"externalId not found in Entra (likely deleted user). Verify in Entra, then deactivate the stale Databricks user. Low risk: cannot log in / no duplicate."
5445556830745705,adrian.prescott5253@example.com,fbfce58f-8f35-4bd2-a4fa-88d2df7d7cae,EXTERNAL_ID_NOT_IN_IDP,"externalId not found in Entra (likely deleted user). Verify in Entra, then deactivate the stale Databricks user. Low risk: cannot log in / no duplicate."
7130809393842450,avery.delaney9434@example.com,6732f91a-7b45-4f1e-a44e-4c6e6eae16e9,EXTERNAL_ID_NOT_IN_IDP,"externalId not found in Entra (likely deleted user). Verify in Entra, then deactivate the stale Databricks user. Low risk: cannot log in / no duplicate."
4329767118889872,dakota.carlisle7770@example.com,faa0fd3d-91ba-4284-a1b3-0c9bad37e5ea,EXTERNAL_ID_NOT_IN_IDP,"externalId not found in Entra (likely deleted user). Verify in Entra, then deactivate the stale Databricks user. Low risk: cannot log in / no duplicate."
9264544418068113,rowan.pemberton3169@example.com,df067a75-62a3-462a-a322-ee31f374aac7,EXTERNAL_ID_NOT_IN_IDP,"externalId not found in Entra (likely deleted user). Verify in Entra, then deactivate the stale Databricks user. Low risk: cannot log in / no duplicate."
4379822769448420,noel.norwood1886@example.com,5e6ebba4-9ceb-4a54-ad22-f76377b0741f,EXTERNAL_ID_NOT_IN_IDP,"externalId not found in Entra (likely deleted user). Verify in Entra, then deactivate the stale Databricks user. Low risk: cannot log in / no duplicate."
1207426613103773,tatum.quimby9428@example.com,152aa5bc-f237-4f3c-a656-3ed36aa0863f,EXTERNAL_ID_NOT_IN_IDP,"externalId not found in Entra (likely deleted user). Verify in Entra, then deactivate the stale Databricks user. Low risk: cannot log in / no duplicate."
5942229624152278,ellis.ormsby0819@example.com,22bdaf4d-42e9-497d-aecf-7a9474885ad3,EXTERNAL_ID_NOT_IN_IDP,"externalId not found in Entra (likely deleted user). Verify in Entra, then deactivate the stale Databricks user. Low risk: cannot log in / no duplicate."
5502522844989572,reese.thornton3608@example.com,e923dbe9-64e0-4016-a35e-729d48c95c66,EXTERNAL_ID_NOT_IN_IDP,"externalId not found in Entra (likely deleted user). Verify in Entra, then deactivate the stale Databricks user. Low risk: cannot log in / no duplicate."
7419667755236069,gray.darrow4031@example.com,71198c2c-a382-48bf-ae2b-bf403348d66d,EXTERNAL_ID_NOT_IN_IDP,"externalId not found in Entra (likely deleted user). Verify in Entra, then deactivate the stale Databricks user. Low risk: cannot log in / no duplicate."
7207444005231298,oakley.ormsby8472@example.com,4e243ff1-9b88-4d86-a503-73bc4e25c6d9,EXTERNAL_ID_NOT_IN_IDP,"externalId not found in Entra (likely deleted user). Verify in Entra, then deactivate the stale Databricks user. Low risk: cannot log in / no duplicate."
4328099865586688,casey.granger2194@example.com,a3c94f4e-aea7-4bc2-a994-b25d51ad4863,EXTERNAL_ID_NOT_IN_IDP,"externalId not found in Entra (likely deleted user). Verify in Entra, then deactivate the stale Databricks user. Low risk: cannot log in / no duplicate."
9098891402386610,jordan.kingsley7297@example.com,7a19bb16-8000-4fbf-a71d-21a09554151e,EXTERNAL_ID_NOT_IN_IDP,"externalId not found in Entra (likely deleted user). Verify in Entra, then deactivate the stale Databricks user. Low risk: cannot log in / no duplicate."
4804374662879350,marlowe.eastwood7088@example.com,7f7388d1-a079-48cf-a00b-f834d3444393,EXTERNAL_ID_NOT_IN_IDP,"externalId not found in Entra (likely deleted user). Verify in Entra, then deactivate the stale Databricks user. Low risk: cannot log in / no duplicate."
7410100622555058,finley.ramsey1635@example.com,f3979f30-dc42-4474-ab19-035344db71a3,EXTERNAL_ID_NOT_IN_IDP,"externalId not found in Entra (likely deleted user). Verify in Entra, then deactivate the stale Databricks user. Low risk: cannot log in / no duplicate."
2290133799215400,jordan.northcote3821@example.com,8a4c2304-9f19-4c00-a3e3-d30dc1ee9f52,EXTERNAL_ID_NOT_IN_IDP,"externalId not found in Entra (likely deleted user). Verify in Entra, then deactivate the stale Databricks user. Low risk: cannot log in / no duplicate."
8335943678137316,kendall.abbott3362@example.com,07a72c7e-6699-4bb2-a846-ae8882ce7540,EXTERNAL_ID_NOT_IN_IDP,"externalId not found in Entra (likely deleted user). Verify in Entra, then deactivate the stale Databricks user. Low risk: cannot log in / no duplicate."
1528548655546430,sage.langley2615@example.com,6c091e82-7a2c-4317-ae86-56f0dcd49b65,EXTERNAL_ID_NOT_IN_IDP,"externalId not found in Entra (likely deleted user). Verify in Entra, then deactivate the stale Databricks user. Low risk: cannot log in / no duplicate."
5388367218496472,oakley.prescott3092@example.com,1bc48c9d-2935-454a-adb7-f412e182c606,EXTERNAL_ID_NOT_IN_IDP,"externalId not found in Entra (likely deleted user). Verify in Entra, then deactivate the stale Databricks user. Low risk: cannot log in / no duplicate."
5255216994115554,kendall.ramsey9370@example.com,7f35d00f-fbfa-446b-a5c2-2c805edb0d6a,EXTERNAL_ID_NOT_IN_IDP,"externalId not found in Entra (likely deleted user). Verify in Entra, then deactivate the stale Databricks user. Low risk: cannot log in / no duplicate."
2318565284824513,harper.carlisle0479@example.com,318abf34-b956-4fc6-a564-1c95b602f485,EXTERNAL_ID_NOT_IN_IDP,"externalId not found in Entra (likely deleted user). Verify in Entra, then deactivate the stale Databricks user. Low risk: cannot log in / no duplicate."
2389374127927374,logan.ingram5084@example.com,a7a96f35-b67b-4f08-aaae-a8e5ae872f33,EXTERNAL_ID_NOT_IN_IDP,"externalId not found in Entra (likely deleted user). Verify in Entra, then deactivate the stale Databricks user. Low risk: cannot log in / no duplicate."
4018983274444734,micah.quimby4013@example.com,4891b49f-0f62-4c49-aeba-ca08a614723a,EXTERNAL_ID_NOT_IN_IDP,"externalId not found in Entra (likely deleted user). Verify in Entra, then deactivate the stale Databricks user. Low risk: cannot log in / no duplicate."
2930874986797720,wren.fenwick8001@example.com,1b103696-a8eb-4158-a711-dddfc6795907,EXTERNAL_ID_NOT_IN_IDP,"externalId not found in Entra (likely deleted user). Verify in Entra, then deactivate the stale Databricks user. Low risk: cannot log in / no duplicate."
5281776488506278,devon.ingram3543@example.com,15b99980-930e-43f1-a8f2-26c50e14ff11,EXTERNAL_ID_NOT_IN_IDP,"externalId not found in Entra (likely deleted user). Verify in Entra, then deactivate the stale Databricks user. Low risk: cannot log in / no duplicate."
8770381899945525,devon.kingsley7987@example.com,12cfe8c4-9cd2-4a32-aaeb-a85584218d1a,EXTERNAL_ID_NOT_IN_IDP,"externalId not found in Entra (likely deleted user). Verify in Entra, then deactivate the stale Databricks user. Low risk: cannot log in / no duplicate."
4547687098844932,jordan.oakes3918@example.com,f878c3f7-c3d9-4034-aa92-0bbc79c48bbe,EXTERNAL_ID_NOT_IN_IDP,"externalId not found in Entra (likely deleted user). Verify in Entra, then deactivate the stale Databricks user. Low risk: cannot log in / no duplicate."
7081338381630378,casey.yates6255@example.com,e6d01ae5-35c5-4ecc-a029-859b9a5e8881,EXTERNAL_ID_NOT_IN_IDP,"externalId not found in Entra (likely deleted user). Verify in Entra, then deactivate the stale Databricks user. Low risk: cannot log in / no duplicate."
1918616626420571,quinn.norwood2425@example.com,f3ac2361-62ea-425c-ad3b-c94e02506bdb,EXTERNAL_ID_NOT_IN_IDP,"externalId not found in Entra (likely deleted user). Verify in Entra, then deactivate the stale Databricks user. Low risk: cannot log in / no duplicate."
3996039918992261,sage.quimby1760@example.com,12dc5e18-018e-488b-a872-d34e61750ab5,EXTERNAL_ID_NOT_IN_IDP,"externalId not found in Entra (likely deleted user). Verify in Entra, then deactivate the stale Databricks user. Low risk: cannot log in / no duplicate."
1020593287235133,teagan.ingram0050@example.com,b7935ee4-8b35-4a43-a94c-2abd62a37991,EXTERNAL_ID_NOT_IN_IDP,"externalId not found in Entra (likely deleted user). Verify in Entra, then deactivate the stale Databricks user. Low risk: cannot log in / no duplicate."
3535042867114662,casey.fairbanks2454@example.com,55b3e413-08ef-4c15-a10c-aa7f756c4af6,EXTERNAL_ID_NOT_IN_IDP,"externalId not found in Entra (likely deleted user). Verify in Entra, then deactivate the stale Databricks user. Low risk: cannot log in / no duplicate."
3300444415076152,casey.whitfield2620@example.com,da13c2d6-0415-4fb0-a0c3-9dfaa2ecc563,EXTERNAL_ID_NOT_IN_IDP,"externalId not found in Entra (likely deleted user). Verify in Entra, then deactivate the stale Databricks user. Low risk: cannot log in / no duplicate."
4549274205033592,noel.bancroft5326@example.com,bd763800-5dd9-4520-ad2c-ede24d4fa76f,EXTERNAL_ID_NOT_IN_IDP,"externalId not found in Entra (likely deleted user). Verify in Entra, then deactivate the stale Databricks user. Low risk: cannot log in / no duplicate."
1042231868654072,teagan.delaney8005@example.com,272404a2-7876-43fc-a941-b9898431f39c,EXTERNAL_ID_NOT_IN_IDP,"externalId not found in Entra (likely deleted user). Verify in Entra, then deactivate the stale Databricks user. Low risk: cannot log in / no duplicate."
9034114382498464,alex.vance1534@example.com,5a4fcc1c-b2f5-4283-afb4-e7fad0cded8a,EXTERNAL_ID_NOT_IN_IDP,"externalId not found in Entra (likely deleted user). Verify in Entra, then deactivate the stale Databricks user. Low risk: cannot log in / no duplicate."
3278897201526629,casey.bancroft8364@example.com,e85d71c0-60ca-4288-a052-052e7a89648d,EXTERNAL_ID_NOT_IN_IDP,"externalId not found in Entra (likely deleted user). Verify in Entra, then deactivate the stale Databricks user. Low risk: cannot log in / no duplicate."
8059358402308384,hayden.thornton2930@example.com,34c69a9a-5d16-4437-aac7-cead41291cd8,EXTERNAL_ID_NOT_IN_IDP,"externalId not found in Entra (likely deleted user). Verify in Entra, then deactivate the stale Databricks user. Low risk: cannot log in / no duplicate."
4275999492779242,wren.northcote9446@example.com,7f76df59-d6ba-45be-a0fd-c443a36c23ff,EXTERNAL_ID_NOT_IN_IDP,"externalId not found in Entra (likely deleted user). Verify in Entra, then deactivate the stale Databricks user. Low risk: cannot log in / no duplicate."
8131427609985423,devon.yates4709@example.com,7d4d05e7-a694-4478-a170-aa446857fb2a,EXTERNAL_ID_NOT_IN_IDP,"externalId not found in Entra (likely deleted user). Verify in Entra, then deactivate the stale Databricks user. Low risk: cannot log in / no duplicate."
5845535745579686,skyler.hawthorne2509@example.com,2b3d0fb1-0d7e-442d-ac3b-dce9d443bad1,EXTERNAL_ID_NOT_IN_IDP,"externalId not found in Entra (likely deleted user). Verify in Entra, then deactivate the stale Databricks user. Low risk: cannot log in / no duplicate."
2458254033057677,micah.ellsworth9291@example.com,ccbbb07a-d43a-4c1d-a5f9-74385165260d,EXTERNAL_ID_NOT_IN_IDP,"externalId not found in Entra (likely deleted user). Verify in Entra, then deactivate the stale Databricks user. Low risk: cannot log in / no duplicate."
1418428390505778,tatum.bancroft3479@example.com,ab4b5c86-4bed-4768-adb9-c8c98305547c,EXTERNAL_ID_NOT_IN_IDP,"externalId not found in Entra (likely deleted user). Verify in Entra, then deactivate the stale Databricks user. Low risk: cannot log in / no duplicate."
1668596673893761,rowan.northcote8761@example.com,bb8d7874-c2f4-4f0d-a237-3566c2a5e023,EXTERNAL_ID_NOT_IN_IDP,"externalId not found in Entra (likely deleted user). Verify in Entra, then deactivate the stale Databricks user. Low risk: cannot log in / no duplicate."
9340827624015494,sage.fenwick8169@example.com,80f12475-d940-49b0-af73-5922723c0300,EXTERNAL_ID_NOT_IN_IDP,"externalId not found in Entra (likely deleted user). Verify in Entra, then deactivate the stale Databricks user. Low risk: cannot log in / no duplicate."
1110855889986447,emerson.thornton8466@example.com,dd260e64-0607-40ee-accf-79891fc88783,EXTERNAL_ID_NOT_IN_IDP,"externalId not found in Entra (likely deleted user). Verify in Entra, then deactivate the stale Databricks user. Low risk: cannot log in / no duplicate."
8064274452572841,logan.ramsey4362@example.com,72c5b0ca-309c-484c-a03c-c791acb936d1,EXTERNAL_ID_NOT_IN_IDP,"externalId not found in Entra (likely deleted user). Verify in Entra, then deactivate the stale Databricks user. Low risk: cannot log in / no duplicate."
4355287230059799,noel.prescott8217@example.com,df5dfece-ce34-42ab-a710-dd97ce3f8e33,EXTERNAL_ID_NOT_IN_IDP,"externalId not found in Entra (likely deleted user). Verify in Entra, then deactivate the stale Databricks user. Low risk: cannot log in / no duplicate."
2004379636359455,gray.ramsey0460@example.com,b2b76d90-3b1f-4527-ac98-e3bb06ac9936,EXTERNAL_ID_NOT_IN_IDP,"externalId not found in Entra (likely deleted user). Verify in Entra, then deactivate the stale Databricks user. Low risk: cannot log in / no duplicate."
8647561181139069,jamie.pemberton6189@example.com,ced846b6-02ec-4d8d-ac4a-bcec1bfc05ba,EXTERNAL_ID_NOT_IN_IDP,"externalId not found in Entra (likely deleted user). Verify in Entra, then deactivate the stale Databricks user. Low risk: cannot log in / no duplicate."
9359114606205401,wren.langley3645@example.com,17c2393b-a6c2-4b02-a0ee-6f70f68b9c34,EXTERNAL_ID_NOT_IN_IDP,"externalId not found in Entra (likely deleted user). Verify in Entra, then deactivate the stale Databricks user. Low risk: cannot log in / no duplicate."
9591472099930968,sawyer.whitfield8739@example.com,191aabe4-dadf-46d3-aa2c-fc851029c4c1,EXTERNAL_ID_NOT_IN_IDP,"externalId not found in Entra (likely deleted user). Verify in Entra, then deactivate the stale Databricks user. Low risk: cannot log in / no duplicate."
7761503682740507,quinn.sinclair5481@example.com,7a5c9719-a4bd-4ff9-a4f8-4b3a2acb6e2c,EXTERNAL_ID_NOT_IN_IDP,"externalId not found in Entra (likely deleted user). Verify in Entra, then deactivate the stale Databricks user. Low risk: cannot log in / no duplicate."
3943757742666444,harper.langley7411@example.com,5d1db81e-b0d7-4c57-aaf3-48eaf4c6cfe1,EXTERNAL_ID_NOT_IN_IDP,"externalId not found in Entra (likely deleted user). Verify in Entra, then deactivate the stale Databricks user. Low risk: cannot log in / no duplicate."
6939405193591578,dakota.prescott9495@example.com,d0228772-d086-46a1-ac26-5528537cba25,EXTERNAL_ID_NOT_IN_IDP,"externalId not found in Entra (likely deleted user). Verify in Entra, then deactivate the stale Databricks user. Low risk: cannot log in / no duplicate."
3366378985645432,tanner.fairbanks5662@example.com,0fc6d534-ad8b-4957-abbe-0afdd9349894,EXTERNAL_ID_NOT_IN_IDP,"externalId not found in Entra (likely deleted user). Verify in Entra, then deactivate the stale Databricks user. Low risk: cannot log in / no duplicate."
7620010794710926,devon.gallagher9751@example.com,0a02ade3-7079-4155-a3be-98121d0e1e4e,EXTERNAL_ID_NOT_IN_IDP,"externalId not found in Entra (likely deleted user). Verify in Entra, then deactivate the stale Databricks user. Low risk: cannot log in / no duplicate."
8562064444524025,jamie.quimby2519@example.com,5eb5c82e-64e4-4d80-a231-bf581128a49e,EXTERNAL_ID_NOT_IN_IDP,"externalId not found in Entra (likely deleted user). Verify in Entra, then deactivate the stale Databricks user. Low risk: cannot log in / no duplicate."
8997962076992462,wren.langley7548@example.com,7e33ff5f-a8de-43fd-a3fa-b676ee7f3a65,EXTERNAL_ID_NOT_IN_IDP,"externalId not found in Entra (likely deleted user). Verify in Entra, then deactivate the stale Databricks user. Low risk: cannot log in / no duplicate."
4774500352852688,avery.hawthorne6012@example.com,b08bca3d-731b-4cf7-ae7d-b4fdedc6f507,EXTERNAL_ID_NOT_IN_IDP,"externalId not found in Entra (likely deleted user). Verify in Entra, then deactivate the stale Databricks user. Low risk: cannot log in / no duplicate."
3052502406730377,noel.oakes4759@example.com,35cef832-f811-4a32-add8-ffd2c642a920,EXTERNAL_ID_NOT_IN_IDP,"externalId not found in Entra (likely deleted user). Verify in Entra, then deactivate the stale Databricks user. Low risk: cannot log in / no duplicate."
6628657669000166,riley.granger9918@example.com,10e1fb94-6338-43f2-a6d8-2bb282542b2d,EXTERNAL_ID_NOT_IN_IDP,"externalId not found in Entra (likely deleted user). Verify in Entra, then deactivate the stale Databricks user. Low risk: cannot log in / no duplicate."
3698301037432370,kendall.hawthorne2939@example.com,197e7aa0-4548-4ae9-ab78-63c8ffa994ce,EXTERNAL_ID_NOT_IN_IDP,"externalId not found in Entra (likely deleted user). Verify in Entra, then deactivate the stale Databricks user. Low risk: cannot log in / no duplicate."
9054351525085479,phoenix.ormsby7766@example.com,801aca8e-4504-494d-a924-6e43bfb90974,EXTERNAL_ID_NOT_IN_IDP,"externalId not found in Entra (likely deleted user). Verify in Entra, then deactivate the stale Databricks user. Low risk: cannot log in / no duplicate."
7695877545035235,lane.abbott3582@example.com,9dbce33e-fb07-49e7-aaf8-3d318546ea67,EXTERNAL_ID_NOT_IN_IDP,"externalId not found in Entra (likely deleted user). Verify in Entra, then deactivate the stale Databricks user. Low risk: cannot log in / no duplicate."
8119455065154309,sage.whitfield8627@example.com,0c241262-83e0-463b-a90f-3c924971250d,EXTERNAL_ID_NOT_IN_IDP,"externalId not found in Entra (likely deleted user). Verify in Entra, then deactivate the stale Databricks user. Low risk: cannot log in / no duplicate."
9101640574579073,harper.abbott4205@example.com,e5df9a38-d897-41b7-a45d-2f55b8b8a1dd,EXTERNAL_ID_NOT_IN_IDP,"externalId not found in Entra (likely deleted user). Verify in Entra, then deactivate the stale Databricks user. Low risk: cannot log in / no duplicate."
2541198167759287,cameron.underwood5970@example.com,120ea7f2-0478-4466-a149-fc717bdb7dff,EXTERNAL_ID_NOT_IN_IDP,"externalId not found in Entra (likely deleted user). Verify in Entra, then deactivate the stale Databricks user. Low risk: cannot log in / no duplicate."
4133767879183767,parker.ellsworth5704@example.com,de1066c4-6e23-475b-ab00-17cb17f7f146,EXTERNAL_ID_NOT_IN_IDP,"externalId not found in Entra (likely deleted user). Verify in Entra, then deactivate the stale Databricks user. Low risk: cannot log in / no duplicate."
1009301598915449,morgan.darrow8665@example.com,60ff432c-61bd-4ecf-a8d9-a14866826f8d,EXTERNAL_ID_NOT_IN_IDP,"externalId not found in Entra (likely deleted user). Verify in Entra, then deactivate the stale Databricks user. Low risk: cannot log in / no duplicate."
6409853161384400,skyler.kingsley0221@example.com,cdf8a957-acb7-4e7a-a797-e6902734b62c,EXTERNAL_ID_NOT_IN_IDP,"externalId not found in Entra (likely deleted user). Verify in Entra, then deactivate the stale Databricks user. Low risk: cannot log in / no duplicate."
9726220675371161,ellis.ramsey0492@example.com,424b5c84-30a2-4ce6-a24f-ef631b5e4446,EXTERNAL_ID_NOT_IN_IDP,"externalId not found in Entra (likely deleted user). Verify in Entra, then deactivate the stale Databricks user. Low risk: cannot log in / no duplicate."
4000089149864584,dakota.abbott0732@example.com,d136df65-568c-439a-aa60-ad628d36fe32,EXTERNAL_ID_NOT_IN_IDP,"externalId not found in Entra (likely deleted user). Verify in Entra, then deactivate the stale Databricks user. Low risk: cannot log in / no duplicate."
1964547351736507,cameron.carlisle9771@example.com,530a1beb-71ba-4ea4-a495-63aa0bdeba0f,EXTERNAL_ID_NOT_IN_IDP,"externalId not found in Entra (likely deleted user). Verify in Entra, then deactivate the stale Databricks user. Low risk: cannot log in / no duplicate."
8025310245080728,tatum.fenwick2795@example.com,0650fb17-da21-4b3c-a608-35f79b0316de,EXTERNAL_ID_NOT_IN_IDP,"externalId not found in Entra (likely deleted user). Verify in Entra, then deactivate the stale Databricks user. Low risk: cannot log in / no duplicate."
3429931837668824,skyler.hollister1501@example.com,2ef2a87e-33d8-4f55-a650-6216ff8261bc,EXTERNAL_ID_NOT_IN_IDP,"externalId not found in Entra (likely deleted user). Verify in Entra, then deactivate the stale Databricks user. Low risk: cannot log in / no duplicate."
5836597812711345,skyler.ellsworth7444@example.com,dc700901-fad7-416c-a0a4-b9697360906a,EXTERNAL_ID_NOT_IN_IDP,"externalId not found in Entra (likely deleted user). Verify in Entra, then deactivate the stale Databricks user. Low risk: cannot log in / no duplicate."
7130311948908619,hayden.calloway9776@example.com,2c6f6bb7-47c9-4a2c-a7d4-6fd70e7fe481,EXTERNAL_ID_NOT_IN_IDP,"externalId not found in Entra (likely deleted user). Verify in Entra, then deactivate the stale Databricks user. Low risk: cannot log in / no duplicate."
6104038642284005,alex.fenwick0832@example.com,57e759f4-0e89-4d55-aa79-6bc859f9dded,EXTERNAL_ID_NOT_IN_IDP,"externalId not found in Entra (likely deleted user). Verify in Entra, then deactivate the stale Databricks user. Low risk: cannot log in / no duplicate."
4405169762575081,sawyer.norwood8366@example.com,aff911ea-b475-46a1-adc2-502d83e940a4,EXTERNAL_ID_NOT_IN_IDP,"externalId not found in Entra (likely deleted user). Verify in Entra, then deactivate the stale Databricks user. Low risk: cannot log in / no duplicate."
2150716037617750,phoenix.pemberton3619@example.com,f147a700-342c-4322-a55c-fbeec4d82b79,EXTERNAL_ID_NOT_IN_IDP,"externalId not found in Entra (likely deleted user). Verify in Entra, then deactivate the stale Databricks user. Low risk: cannot log in / no duplicate."
6251481956502005,cameron.ramsey7488@example.com,16ddd548-725d-4d00-a0ec-15f5ec781417,EXTERNAL_ID_NOT_IN_IDP,"externalId not found in Entra (likely deleted user). Verify in Entra, then deactivate the stale Databricks user. Low risk: cannot log in / no duplicate."
3105945233812352,avery.ormsby3252@example.com,cab7dd12-73cd-4b17-a329-9a74aaee353c,EXTERNAL_ID_NOT_IN_IDP,"externalId not found in Entra (likely deleted user). Verify in Entra, then deactivate the stale Databricks user. Low risk: cannot log in / no duplicate."
3038502277210674,kai.ormsby1533@example.com,0ced09ea-ffda-47de-ac97-f5b07e23d879,EXTERNAL_ID_NOT_IN_IDP,"externalId not found in Entra (likely deleted user). Verify in Entra, then deactivate the stale Databricks user. Low risk: cannot log in / no duplicate."
7471505994054211,noel.underwood6670@example.com,b9a50232-2a31-4f81-a4c1-bb6877e09f03,EXTERNAL_ID_NOT_IN_IDP,"externalId not found in Entra (likely deleted user). Verify in Entra, then deactivate the stale Databricks user. Low risk: cannot log in / no duplicate."
2944190630283386,ellis.fairbanks3067@example.com,1cab797c-1870-4a91-aab0-dffd5636596f,EXTERNAL_ID_NOT_IN_IDP,"externalId not found in Entra (likely deleted user). Verify in Entra, then deactivate the stale Databricks user. Low risk: cannot log in / no duplicate."
7884899163356450,ellis.norwood1618@example.com,7b4047f6-8eff-4a68-afac-3cf901765934,EXTERNAL_ID_NOT_IN_IDP,"externalId not found in Entra (likely deleted user). Verify in Entra, then deactivate the stale Databricks user. Low risk: cannot log in / no duplicate."
5266061625429916,phoenix.pemberton1108@example.com,8a486a49-3c5d-4eb6-acef-f647bedba636,EXTERNAL_ID_NOT_IN_IDP,"externalId not found in Entra (likely deleted user). Verify in Entra, then deactivate the stale Databricks user. Low risk: cannot log in / no duplicate."
5533765530571036,cameron.hollister5852@example.com,91bd7135-4e59-4fdf-ad9b-7749e3953964,EXTERNAL_ID_NOT_IN_IDP,"externalId not found in Entra (likely deleted user). Verify in Entra, then deactivate the stale Databricks user. Low risk: cannot log in / no duplicate."
1620379884027524,reese.calloway5771@example.com,c5985719-2ebf-4b58-a2c2-17f7084618d4,EXTERNAL_ID_NOT_IN_IDP,"externalId not found in Entra (likely deleted user). Verify in Entra, then deactivate the stale Databricks user. Low risk: cannot log in / no duplicate."
8169669016083489,vaughn.northcote3657@example.com,b73a554e-5107-4265-a995-b6b6c7e504e8,EXTERNAL_ID_NOT_IN_IDP,"externalId not found in Entra (likely deleted user). Verify in Entra, then deactivate the stale Databricks user. Low risk: cannot log in / no duplicate."
8420008967571401,kendall.calloway9808@example.com,937ea136-406f-48c7-a67e-65551ca1e08e,EXTERNAL_ID_NOT_IN_IDP,"externalId not found in Entra (likely deleted user). Verify in Entra, then deactivate the stale Databricks user. Low risk: cannot log in / no duplicate."
9235727904051610,emerson.vance2407@example.com,7377683c-220a-4142-a691-5f8ec329b0d0,EXTERNAL_ID_NOT_IN_IDP,"externalId not found in Entra (likely deleted user). Verify in Entra, then deactivate the stale Databricks user. Low risk: cannot log in / no duplicate."
5884749626984915,marlowe.stanton1890@example.com,529a783a-58d2-4c99-a2a5-e398ad9a7494,EXTERNAL_ID_NOT_IN_IDP,"externalId not found in Entra (likely deleted user). Verify in Entra, then deactivate the stale Databricks user. Low risk: cannot log in / no duplicate."
1734994654881905,indigo.northcote4441@example.com,5b51170c-279b-42af-aa71-1af6e8a0ac0f,EXTERNAL_ID_NOT_IN_IDP,"externalId not found in Entra (likely deleted user). Verify in Entra, then deactivate the stale Databricks user. Low risk: cannot log in / no duplicate."
4505152699578282,harper.delaney1698@example.com,aaf6bd0b-af92-40aa-aa75-bf131c38333e,EXTERNAL_ID_NOT_IN_IDP,"externalId not found in Entra (likely deleted user). Verify in Entra, then deactivate the stale Databricks user. Low risk: cannot log in / no duplicate."
3777552690329721,indigo.kingsley8754@example.com,46fbd658-7ae8-4f58-a520-473204c94aa4,EXTERNAL_ID_NOT_IN_IDP,"externalId not found in Entra (likely deleted user). Verify in Entra, then deactivate the stale Databricks user. Low risk: cannot log in / no duplicate."
5825115591844385,rowan.calloway2587@example.com,e52f6a59-8433-45cf-a55c-1563d0dea3dc,EXTERNAL_ID_NOT_IN_IDP,"externalId not found in Entra (likely deleted user). Verify in Entra, then deactivate the stale Databricks user. Low risk: cannot log in / no duplicate."
8464283975705523,cameron.sinclair9747@example.com,07bde455-e076-4fed-ae91-c8b1309b7495,EXTERNAL_ID_NOT_IN_IDP,"externalId not found in Entra (likely deleted user). Verify in Entra, then deactivate the stale Databricks user. Low risk: cannot log in / no duplicate."
6746250000135626,nico.thornton2995@example.com,56dbd117-737f-4b9c-a688-e7d2e3fe94f7,EXTERNAL_ID_NOT_IN_IDP,"externalId not found in Entra (likely deleted user). Verify in Entra, then deactivate the stale Databricks user. Low risk: cannot log in / no duplicate."
8068288649522306,harper.fenwick4699@example.com,5677cc7c-4463-44e5-a5b9-4dda8107d16c,EXTERNAL_ID_NOT_IN_IDP,"externalId not found in Entra (likely deleted user). Verify in Entra, then deactivate the stale Databricks user. Low risk: cannot log in / no duplicate."
9735501594289062,lane.eastwood8500@example.com,0e799bd8-2b8e-4a35-aaa1-215ccdbd069c,EXTERNAL_ID_NOT_IN_IDP,"externalId not found in Entra (likely deleted user). Verify in Entra, then deactivate the stale Databricks user. Low risk: cannot log in / no duplicate."
2781311615620508,nico.abbott4573@example.com,2acda3f9-ff73-4f3a-a501-c5515ce678cf,EXTERNAL_ID_NOT_IN_IDP,"externalId not found in Entra (likely deleted user). Verify in Entra, then deactivate the stale Databricks user. Low risk: cannot log in / no duplicate."
9232495351888286,cameron.pemberton6937@example.com,b12fa60c-6f71-4059-a722-4f942942483c,EXTERNAL_ID_NOT_IN_IDP,"externalId not found in Entra (likely deleted user). Verify in Entra, then deactivate the stale Databricks user. Low risk: cannot log in / no duplicate."
7547333942884743,ellis.bancroft9627@example.com,295c8f1a-ff3c-4f6c-a4e9-8ff77f892c9e,EXTERNAL_ID_NOT_IN_IDP,"externalId not found in Entra (likely deleted user). Verify in Entra, then deactivate the stale Databricks user. Low risk: cannot log in / no duplicate."
1779018940179380,jamie.langley5848@example.com,428a99ec-c081-4164-a9fe-f037f9a92242,EXTERNAL_ID_NOT_IN_IDP,"externalId not found in Entra (likely deleted user). Verify in Entra, then deactivate the stale Databricks user. Low risk: cannot log in / no duplicate."
9257866261189183,rowan.hawthorne8986@example.com,54952be1-feba-4208-adec-d934dafac94f,EXTERNAL_ID_NOT_IN_IDP,"externalId not found in Entra (likely deleted user). Verify in Entra, then deactivate the stale Databricks user. Low risk: cannot log in / no duplicate."
3925931725540322,blake.eastwood5289@example.com,b1485c37-5b95-47a3-a583-cfb0b3872661,EXTERNAL_ID_NOT_IN_IDP,"externalId not found in Entra (likely deleted user). Verify in Entra, then deactivate the stale Databricks user. Low risk: cannot log in / no duplicate."
1423009961106713,indigo.eastwood8251@example.com,8609ec59-bfd0-445c-aff6-6e8e69df5b91,EXTERNAL_ID_NOT_IN_IDP,"externalId not found in Entra (likely deleted user). Verify in Entra, then deactivate the stale Databricks user. Low risk: cannot log in / no duplicate."
2067133008893164,parker.sinclair9714@example.com,ec96a4d5-801d-494c-a1d8-34cfa37a492c,EXTERNAL_ID_NOT_IN_IDP,"externalId not found in Entra (likely deleted user). Verify in Entra, then deactivate the stale Databricks user. Low risk: cannot log in / no duplicate."
9867050669208686,wren.gallagher8940@example.com,e089ed66-a091-45c2-a7fd-8a308f9e3de5,EXTERNAL_ID_NOT_IN_IDP,"externalId not found in Entra (likely deleted user). Verify in Entra, then deactivate the stale Databricks user. Low risk: cannot log in / no duplicate."
8629235093186702,ellis.kingsley0244@example.com,f59bf692-b97b-423c-a229-9e5e2f0c5e60,EXTERNAL_ID_NOT_IN_IDP,"externalId not found in Entra (likely deleted user). Verify in Entra, then deactivate the stale Databricks user. Low risk: cannot log in / no duplicate."
7399883316716348,tanner.granger4276@example.com,681b30f0-5938-4268-ab23-8a1762e19bde,EXTERNAL_ID_NOT_IN_IDP,"externalId not found in Entra (likely deleted user). Verify in Entra, then deactivate the stale Databricks user. Low risk: cannot log in / no duplicate."
5878621008355330,blake.merritt5257@example.com,2330660f-3fda-460f-a229-496480449bb0,EXTERNAL_ID_NOT_IN_IDP,"externalId not found in Entra (likely deleted user). Verify in Entra, then deactivate the stale Databricks user. Low risk: cannot log in / no duplicate."
2794433487679929,quinn.ellsworth9870@example.com,c90315b4-b2cc-4db9-a9f7-72500c90e512,EXTERNAL_ID_NOT_IN_IDP,"externalId not found in Entra (likely deleted user). Verify in Entra, then deactivate the stale Databricks user. Low risk: cannot log in / no duplicate."
8621143352978631,wren.ramsey3367@example.com,3672cb21-fd97-45ec-a09c-13273b9d25a8,EXTERNAL_ID_NOT_IN_IDP,"externalId not found in Entra (likely deleted user). Verify in Entra, then deactivate the stale Databricks user. Low risk: cannot log in / no duplicate."
6059384491944984,harper.underwood3643@example.com,b9e4e1fc-a52b-426e-acec-ee0f5de20dbf,EXTERNAL_ID_NOT_IN_IDP,"externalId not found in Entra (likely deleted user). Verify in Entra, then deactivate the stale Databricks user. Low risk: cannot log in / no duplicate."
4735852250156243,dakota.ingram2608@example.com,c5804043-cb4c-468b-a3b0-12e7b18ac5a3,EXTERNAL_ID_NOT_IN_IDP,"externalId not found in Entra (likely deleted user). Verify in Entra, then deactivate the stale Databricks user. Low risk: cannot log in / no duplicate."
2465506167401601,bailey.vance7198@example.com,1e97e968-8571-4e86-a176-e0ec1d9c818f,EXTERNAL_ID_NOT_IN_IDP,"externalId not found in Entra (likely deleted user). Verify in Entra, then deactivate the stale Databricks user. Low risk: cannot log in / no duplicate."
8048672588350306,cameron.vance5384@example.com,fc33e8ad-ac40-4e9f-a44c-2bd3e548daee,EXTERNAL_ID_NOT_IN_IDP,"externalId not found in Entra (likely deleted user). Verify in Entra, then deactivate the stale Databricks user. Low risk: cannot log in / no duplicate."
4407227289618832,vaughn.yates5838@example.com,a85cee43-4b6e-4d5f-af29-7f11ea9afeb1,EXTERNAL_ID_NOT_IN_IDP,"externalId not found in Entra (likely deleted user). Verify in Entra, then deactivate the stale Databricks user. Low risk: cannot log in / no duplicate."
5185234590638527,wren.abbott1080@example.com,b954a018-4ee1-417f-a174-da391a62aaf2,EXTERNAL_ID_NOT_IN_IDP,"externalId not found in Entra (likely deleted user). Verify in Entra, then deactivate the stale Databricks user. Low risk: cannot log in / no duplicate."
2321336082955713,phoenix.marchetti5929@example.com,651a7161-3f5a-42e0-a598-6c2c26b1662e,EXTERNAL_ID_NOT_IN_IDP,"externalId not found in Entra (likely deleted user). Verify in Entra, then deactivate the stale Databricks user. Low risk: cannot log in / no duplicate."
6031640562358277,finley.stanton8716@example.com,1b2f94b4-deab-4e88-ab11-5df595006be0,EXTERNAL_ID_NOT_IN_IDP,"externalId not found in Entra (likely deleted user). Verify in Entra, then deactivate the stale Databricks user. Low risk: cannot log in / no duplicate."
4088222581510161,rowan.kingsley6886@example.com,312282a3-bc80-42e3-ad0e-27d2b2129d5e,EXTERNAL_ID_NOT_IN_IDP,"externalId not found in Entra (likely deleted user). Verify in Entra, then deactivate the stale Databricks user. Low risk: cannot log in / no duplicate."
2416800571681106,wren.eastwood4437@example.com,65288ce6-2cb8-433e-a05c-f7544a58e763,EXTERNAL_ID_NOT_IN_IDP,"externalId not found in Entra (likely deleted user). Verify in Entra, then deactivate the stale Databricks user. Low risk: cannot log in / no duplicate."
4908424210870449,skyler.ingram6906@example.com,2331cc95-2d14-486d-a9b8-4b294119040c,EXTERNAL_ID_NOT_IN_IDP,"externalId not found in Entra (likely deleted user). Verify in Entra, then deactivate the stale Databricks user. Low risk: cannot log in / no duplicate."
5034623711848467,tanner.merritt1632@example.com,d9be044b-f339-4c03-ae88-bbc5e3efc6f7,EXTERNAL_ID_NOT_IN_IDP,"externalId not found in Entra (likely deleted user). Verify in Entra, then deactivate the stale Databricks user. Low risk: cannot log in / no duplicate."
1669881681338034,reese.sinclair5966@example.com,df0a90c4-2567-4d73-a3b1-85f124f49d17,EXTERNAL_ID_NOT_IN_IDP,"externalId not found in Entra (likely deleted user). Verify in Entra, then deactivate the stale Databricks user. Low risk: cannot log in / no duplicate."
3786777074138814,finley.ashford6987@example.com,eb3d348c-20b3-4bfd-a6a7-81b6b8202347,EXTERNAL_ID_NOT_IN_IDP,"externalId not found in Entra (likely deleted user). Verify in Entra, then deactivate the stale Databricks user. Low risk: cannot log in / no duplicate."
1527655745279676,lane.jennings9838@example.com,66297079-9170-4a58-a053-faef78f44f78,EXTERNAL_ID_NOT_IN_IDP,"externalId not found in Entra (likely deleted user). Verify in Entra, then deactivate the stale Databricks user. Low risk: cannot log in / no duplicate."
3983572382339815,noel.vance5901@example.com,ec0b4a66-472a-471d-ad88-d770995eb13a,EXTERNAL_ID_NOT_IN_IDP,"externalId not found in Entra (likely deleted user). Verify in Entra, then deactivate the stale Databricks user. Low risk: cannot log in / no duplicate."
4984279844345435,cameron.darrow3334@example.com,b6bf41d4-6586-4bfa-afd1-4aa5b54e3a72,EXTERNAL_ID_NOT_IN_IDP,"externalId not found in Entra (likely deleted user). Verify in Entra, then deactivate the stale Databricks user. Low risk: cannot log in / no duplicate."
8006848359444899,lane.vance7683@example.com,b28815e0-c229-4072-a3ff-3804991c67bf,EXTERNAL_ID_NOT_IN_IDP,"externalId not found in Entra (likely deleted user). Verify in Entra, then deactivate the stale Databricks user. Low risk: cannot log in / no duplicate."
4875219358159761,emerson.delaney7974@example.com,da0890b0-051b-40a8-a67d-d581e106fb26,EXTERNAL_ID_NOT_IN_IDP,"externalId not found in Entra (likely deleted user). Verify in Entra, then deactivate the stale Databricks user. Low risk: cannot log in / no duplicate."
3086711838371577,bailey.gallagher0975@example.com,27862a36-9c04-4e6e-a67a-256ca18d5e11,EXTERNAL_ID_NOT_IN_IDP,"externalId not found in Entra (likely deleted user). Verify in Entra, then deactivate the stale Databricks user. Low risk: cannot log in / no duplicate."
9005813981152057,kendall.ingram0150@example.com,5af7032c-95a5-45bc-a4f4-3fc1e3a2891a,EXTERNAL_ID_NOT_IN_IDP,"externalId not found in Entra (likely deleted user). Verify in Entra, then deactivate the stale Databricks user. Low risk: cannot log in / no duplicate."
4380385274642393,kendall.fenwick0155@example.com,359321c1-0c74-4cd1-a0c8-9db35b2aed14,EXTERNAL_ID_NOT_IN_IDP,"externalId not found in Entra (likely deleted user). Verify in Entra, then deactivate the stale Databricks user. Low risk: cannot log in / no duplicate."
3085014928927165,marlowe.bancroft8346@example.com,4dcabb12-2162-4d1d-a6f6-acb39290a0d8,EXTERNAL_ID_NOT_IN_IDP,"externalId not found in Entra (likely deleted user). Verify in Entra, then deactivate the stale Databricks user. Low risk: cannot log in / no duplicate."
6676776817106250,quinn.quimby1736@example.com,274a7ff7-33d0-4bf5-a444-68a006033bc6,EXTERNAL_ID_NOT_IN_IDP,"externalId not found in Entra (likely deleted user). Verify in Entra, then deactivate the stale Databricks user. Low risk: cannot log in / no duplicate."
5666611391059562,casey.vance4813@example.com,f00b894d-0914-49c3-aebb-f21239d90661,EXTERNAL_ID_NOT_IN_IDP,"externalId not found in Entra (likely deleted user). Verify in Entra, then deactivate the stale Databricks user. Low risk: cannot log in / no duplicate."
7068391561359335,emerson.vance2559@example.com,a6edd667-14b8-4789-a822-3d1a1225b197,EXTERNAL_ID_NOT_IN_IDP,"externalId not found in Entra (likely deleted user). Verify in Entra, then deactivate the stale Databricks user. Low risk: cannot log in / no duplicate."
4587008030337133,teagan.kingsley6387@example.com,c744336c-721e-405f-a6e7-80ac8b5366a2,EXTERNAL_ID_NOT_IN_IDP,"externalId not found in Entra (likely deleted user). Verify in Entra, then deactivate the stale Databricks user. Low risk: cannot log in / no duplicate."
1422276002062721,parker.hawthorne0989@example.com,c3abf128-de01-4789-a121-68a04c96d62b,EXTERNAL_ID_NOT_IN_IDP,"externalId not found in Entra (likely deleted user). Verify in Entra, then deactivate the stale Databricks user. Low risk: cannot log in / no duplicate."
2422714057922861,tatum.carlisle1573@example.com,d6eacbdf-c1e6-4339-a3a5-d864c106f377,EXTERNAL_ID_NOT_IN_IDP,"externalId not found in Entra (likely deleted user). Verify in Entra, then deactivate the stale Databricks user. Low risk: cannot log in / no duplicate."
6165892832796002,riley.lockwood5248@example.com,ddeb50a6-8593-485d-a9a3-b7beddc76503,EXTERNAL_ID_NOT_IN_IDP,"externalId not found in Entra (likely deleted user). Verify in Entra, then deactivate the stale Databricks user. Low risk: cannot log in / no duplicate."
1543917205978776,ellis.gallagher6530@example.com,f6aaf3c3-9d33-4881-a1ab-f7b6564f56bf,EXTERNAL_ID_NOT_IN_IDP,"externalId not found in Entra (likely deleted user). Verify in Entra, then deactivate the stale Databricks user. Low risk: cannot log in / no duplicate."
9660675737425051,morgan.oakes3106@example.com,c268fe11-85e1-4473-a899-2c6503d42b62,EXTERNAL_ID_NOT_IN_IDP,"externalId not found in Entra (likely deleted user). Verify in Entra, then deactivate the stale Databricks user. Low risk: cannot log in / no duplicate."
5561903772315570,bailey.delaney1533@example.com,c29b5aab-ce6c-48ec-a53a-bd49b297b22f,EXTERNAL_ID_NOT_IN_IDP,"externalId not found in Entra (likely deleted user). Verify in Entra, then deactivate the stale Databricks user. Low risk: cannot log in / no duplicate."
9572574381786456,riley.granger7654@example.com,e9ebb2a8-797c-43d6-a89d-13293c1f7a5f,EXTERNAL_ID_NOT_IN_IDP,"externalId not found in Entra (likely deleted user). Verify in Entra, then deactivate the stale Databricks user. Low risk: cannot log in / no duplicate."
8796810080055020,bailey.brennan8983@example.com,86a1f79a-4a16-498c-ae62-18b7bfa12a37,EXTERNAL_ID_NOT_IN_IDP,"externalId not found in Entra (likely deleted user). Verify in Entra, then deactivate the stale Databricks user. Low risk: cannot log in / no duplicate."
6066682139722845,marlowe.ramsey6459@example.com,998c0dc5-fbce-404a-ad84-7cf315126b41,EXTERNAL_ID_NOT_IN_IDP,"externalId not found in Entra (likely deleted user). Verify in Entra, then deactivate the stale Databricks user. Low risk: cannot log in / no duplicate."
4549672494537961,indigo.ellsworth3470@example.com,47318582-1fe9-4a7d-abec-2847993e195f,EXTERNAL_ID_NOT_IN_IDP,"externalId not found in Entra (likely deleted user). Verify in Entra, then deactivate the stale Databricks user. Low risk: cannot log in / no duplicate."
1196729316020338,oakley.sinclair4246@example.com,7e96e783-75e0-47a4-af16-9f627612a19d,EXTERNAL_ID_NOT_IN_IDP,"externalId not found in Entra (likely deleted user). Verify in Entra, then deactivate the stale Databricks user. Low risk: cannot log in / no duplicate."
2705691220198098,sage.kingsley2282@example.com,f82361db-4b00-440b-af66-c32a345ff7d9,EXTERNAL_ID_NOT_IN_IDP,"externalId not found in Entra (likely deleted user). Verify in Entra, then deactivate the stale Databricks user. Low risk: cannot log in / no duplicate."
3814532235084054,sawyer.stanton5873@example.com,fb718ae2-aaba-4ef7-a27d-94d7437ee1ba,EXTERNAL_ID_NOT_IN_IDP,"externalId not found in Entra (likely deleted user). Verify in Entra, then deactivate the stale Databricks user. Low risk: cannot log in / no duplicate."
8050984046969156,kai.ingram6880@example.com,4a78beca-abeb-40df-a25f-7548fde9cd7e,EXTERNAL_ID_NOT_IN_IDP,"externalId not found in Entra (likely deleted user). Verify in Entra, then deactivate the stale Databricks user. Low risk: cannot log in / no duplicate."
7899452540006719,teagan.norwood9636@example.com,732455a0-5866-4d09-a0ab-3946a4ab6cc6,EXTERNAL_ID_NOT_IN_IDP,"externalId not found in Entra (likely deleted user). Verify in Entra, then deactivate the stale Databricks user. Low risk: cannot log in / no duplicate."
6157012519547641,hayden.ingram4077@example.com,de12a09c-dadc-404d-ac3f-89e81444eba2,EXTERNAL_ID_NOT_IN_IDP,"externalId not found in Entra (likely deleted user). Verify in Entra, then deactivate the stale Databricks user. Low risk: cannot log in / no duplicate."
7225531840672874,rowan.oakes7253@example.com,9e383243-c47e-4e82-a809-6f3adf17d514,EXTERNAL_ID_NOT_IN_IDP,"externalId not found in Entra (likely deleted user). Verify in Entra, then deactivate the stale Databricks user. Low risk: cannot log in / no duplicate."
7541888352006934,indigo.granger0789@example.com,b1a81d40-8b99-4bba-a035-2eb596f5d2ee,EXTERNAL_ID_NOT_IN_IDP,"externalId not found in Entra (likely deleted user). Verify in Entra, then deactivate the stale Databricks user. Low risk: cannot log in / no duplicate."
4644999686289169,jamie.darrow5435@example.com,bc7c05f4-f8bf-4cb0-a4ab-f87a560ba5b9,EXTERNAL_ID_NOT_IN_IDP,"externalId not found in Entra (likely deleted user). Verify in Entra, then deactivate the stale Databricks user. Low risk: cannot log in / no duplicate."
2276171644477527,casey.eastwood6403@example.com,8a486a49-3c5d-4eb6-acef-f647bedba636,EXTERNAL_ID_NOT_IN_IDP,"externalId not found in Entra (likely deleted user). Verify in Entra, then deactivate the stale Databricks user. Low risk: cannot log in / no duplicate."
5586255847966849,bailey.eastwood5362@example.com,b5462640-3476-4e3c-a10d-8cb31e38f67a,EXTERNAL_ID_NOT_IN_IDP,"externalId not found in Entra (likely deleted user). Verify in Entra, then deactivate the stale Databricks user. Low risk: cannot log in / no duplicate."
6255915722004754,harper.carlisle3573@example.com,f0905eb5-d598-4540-a1e2-33c42121cf2a,EXTERNAL_ID_NOT_IN_IDP,"externalId not found in Entra (likely deleted user). Verify in Entra, then deactivate the stale Databricks user. Low risk: cannot log in / no duplicate."
6455831995897552,logan.stanton2859@example.com,fad9bf28-107d-41c2-a831-0fce31de36c3,EXTERNAL_ID_NOT_IN_IDP,"externalId not found in Entra (likely deleted user). Verify in Entra, then deactivate the stale Databricks user. Low risk: cannot log in / no duplicate."
7814215433445594,kai.eastwood7739@example.com,a70c4dbc-8d47-4c5e-ab04-ecbe0e8c2708,EXTERNAL_ID_NOT_IN_IDP,"externalId not found in Entra (likely deleted user). Verify in Entra, then deactivate the stale Databricks user. Low risk: cannot log in / no duplicate."
5859477457747112,teagan.lockwood0621@example.com,0b29a701-d1bb-44a6-a4c4-391211f3f4a6,EXTERNAL_ID_NOT_IN_IDP,"externalId not found in Entra (likely deleted user). Verify in Entra, then deactivate the stale Databricks user. Low risk: cannot log in / no duplicate."
6839966915976159,tanner.gallagher4773@example.com,22bdaf4d-42e9-497d-aecf-7a9474885ad3,EXTERNAL_ID_NOT_IN_IDP,"externalId not found in Entra (likely deleted user). Verify in Entra, then deactivate the stale Databricks user. Low risk: cannot log in / no duplicate."
1329930155184914,jordan.lockwood8591@example.com,e000d4ca-e2ae-4e34-adb2-ffe2f051b065,EXTERNAL_ID_NOT_IN_IDP,"externalId not found in Entra (likely deleted user). Verify in Entra, then deactivate the stale Databricks user. Low risk: cannot log in / no duplicate."
5018964003523545,bailey.bancroft5704@example.com,64aa5ab3-adcf-4ca6-afd4-38d8fb4eb7c1,EXTERNAL_ID_NOT_IN_IDP,"externalId not found in Entra (likely deleted user). Verify in Entra, then deactivate the stale Databricks user. Low risk: cannot log in / no duplicate."
6156173910843561,tatum.merritt6961@example.com,0c8162dd-b80b-4aa3-add1-394b83c85194,EXTERNAL_ID_NOT_IN_IDP,"externalId not found in Entra (likely deleted user). Verify in Entra, then deactivate the stale Databricks user. Low risk: cannot log in / no duplicate."
1494479443207206,ellis.granger1182@example.com,bd423f9d-9d9b-4ecf-a6d9-5b8e5d600ea0,EXTERNAL_ID_NOT_IN_IDP,"externalId not found in Entra (likely deleted user). Verify in Entra, then deactivate the stale Databricks user. Low risk: cannot log in / no duplicate."
1618653323441673,reese.carlisle8836@example.com,119aeee8-f44e-421f-a11a-45808d81b21e,EXTERNAL_ID_NOT_IN_IDP,"externalId not found in Entra (likely deleted user). Verify in Entra, then deactivate the stale Databricks user. Low risk: cannot log in / no duplicate."
2625465812338930,tanner.radcliffe0321@example.com,94b6439e-24c4-4b3e-aa41-75b6a74824b4,EXTERNAL_ID_NOT_IN_IDP,"externalId not found in Entra (likely deleted user). Verify in Entra, then deactivate the stale Databricks user. Low risk: cannot log in / no duplicate."
5354292627837902,jordan.delaney2018@example.com,f76a0785-db5a-44c0-ac6d-149bea4ca41d,EXTERNAL_ID_NOT_IN_IDP,"externalId not found in Entra (likely deleted user). Verify in Entra, then deactivate the stale Databricks user. Low risk: cannot log in / no duplicate."
2207247123536965,morgan.prescott5004@example.com,2f82d1dc-03b7-4afc-a151-a1a1327cbb33,EXTERNAL_ID_NOT_IN_IDP,"externalId not found in Entra (likely deleted user). Verify in Entra, then deactivate the stale Databricks user. Low risk: cannot log in / no duplicate."
2111921703884645,adrian.fairbanks3079@example.com,a3353c7d-be59-49b7-a2f7-da7a7d22c30d,EXTERNAL_ID_NOT_IN_IDP,"externalId not found in Entra (likely deleted user). Verify in Entra, then deactivate the stale Databricks user. Low risk: cannot log in / no duplicate."
1357546280296925,vaughn.eastwood4630@example.com,1a09aa4d-46de-487d-a4f7-454b641810f9,EXTERNAL_ID_NOT_IN_IDP,"externalId not found in Entra (likely deleted user). Verify in Entra, then deactivate the stale Databricks user. Low risk: cannot log in / no duplicate."
1951791457657693,tanner.quimby2664@example.com,1e39d057-53c4-4780-a409-c0abb849a1f7,EXTERNAL_ID_NOT_IN_IDP,"externalId not found in Entra (likely deleted user). Verify in Entra, then deactivate the stale Databricks user. Low risk: cannot log in / no duplicate."
5524987427187281,avery.kingsley1121@example.com,03db5f8d-ef0e-4c87-a9ac-93ebc226632e,EXTERNAL_ID_NOT_IN_IDP,"externalId not found in Entra (likely deleted user). Verify in Entra, then deactivate the stale Databricks user. Low risk: cannot log in / no duplicate."
3386986794781624,noel.quimby2326@example.com,79a221b6-d962-4b90-acff-abaa06e67ef2,EXTERNAL_ID_NOT_IN_IDP,"externalId not found in Entra (likely deleted user). Verify in Entra, then deactivate the stale Databricks user. Low risk: cannot log in / no duplicate."
7253399357106201,ellis.norwood7303@example.com,27c25a44-9ffb-4edb-a055-04b5a68335b2,EXTERNAL_ID_NOT_IN_IDP,"externalId not found in Entra (likely deleted user). Verify in Entra, then deactivate the stale Databricks user. Low risk: cannot log in / no duplicate."
6784669822810187,tatum.kingsley8727@example.com,8d5153f4-046e-4fdc-ac7d-a874880491bd,EXTERNAL_ID_NOT_IN_IDP,"externalId not found in Entra (likely deleted user). Verify in Entra, then deactivate the stale Databricks user. Low risk: cannot log in / no duplicate."
8761814950650403,skyler.fenwick9642@example.com,f662098b-5e92-40c7-a0ae-8082e6d915c1,EXTERNAL_ID_NOT_IN_IDP,"externalId not found in Entra (likely deleted user). Verify in Entra, then deactivate the stale Databricks user. Low risk: cannot log in / no duplicate."
5052323012501164,riley.ellsworth7968@example.com,1947ba31-7350-45db-a6f9-90da2e19c2ff,EXTERNAL_ID_NOT_IN_IDP,"externalId not found in Entra (likely deleted user). Verify in Entra, then deactivate the stale Databricks user. Low risk: cannot log in / no duplicate."
5011060696420572,vaughn.hollister9446@example.com,126fc0b3-24c1-49fd-a197-f903642061b3,EXTERNAL_ID_NOT_IN_IDP,"externalId not found in Entra (likely deleted user). Verify in Entra, then deactivate the stale Databricks user. Low risk: cannot log in / no duplicate."
7811507993233018,quinn.norwood9805@example.com,a0c537c0-9754-45b3-aad7-05e0e34a1854,EXTERNAL_ID_NOT_IN_IDP,"externalId not found in Entra (likely deleted user). Verify in Entra, then deactivate the stale Databricks user. Low risk: cannot log in / no duplicate."
2706571536845081,oakley.eastwood5572@example.com,8210c62f-1528-4d83-aa5f-3f56f9ecf512,EXTERNAL_ID_NOT_IN_IDP,"externalId not found in Entra (likely deleted user). Verify in Entra, then deactivate the stale Databricks user. Low risk: cannot log in / no duplicate."
5691764230667945,dakota.darrow0531@example.com,ec282f34-49a7-48bc-ae16-f241e86ce652,EXTERNAL_ID_NOT_IN_IDP,"externalId not found in Entra (likely deleted user). Verify in Entra, then deactivate the stale Databricks user. Low risk: cannot log in / no duplicate."
9599110621169354,vaughn.merritt9998@example.com,ccbbb07a-d43a-4c1d-a5f9-74385165260d,EXTERNAL_ID_NOT_IN_IDP,"externalId not found in Entra (likely deleted user). Verify in Entra, then deactivate the stale Databricks user. Low risk: cannot log in / no duplicate."
9057240189866267,harper.whitfield1741@example.com,24b35c1c-2646-4395-a1f0-5b7314c89763,EXTERNAL_ID_NOT_IN_IDP,"externalId not found in Entra (likely deleted user). Verify in Entra, then deactivate the stale Databricks user. Low risk: cannot log in / no duplicate."
9847923552228889,reese.langley5219@example.com,013c1ed2-3a2c-492a-a55d-6f17a7785208,EXTERNAL_ID_NOT_IN_IDP,"externalId not found in Entra (likely deleted user). Verify in Entra, then deactivate the stale Databricks user. Low risk: cannot log in / no duplicate."
4618881328684094,tatum.delaney4615@example.com,d13d4400-35ef-437b-a4e0-a4f68d0b2233,EXTERNAL_ID_NOT_IN_IDP,"externalId not found in Entra (likely deleted user). Verify in Entra, then deactivate the stale Databricks user. Low risk: cannot log in / no duplicate."
5599494847476403,sage.fenwick2224@example.com,047ea3c7-7f51-40a4-ae83-892bfde4bb4d,EXTERNAL_ID_NOT_IN_IDP,"externalId not found in Entra (likely deleted user). Verify in Entra, then deactivate the stale Databricks user. Low risk: cannot log in / no duplicate."
6552915137744903,kendall.darrow6721@example.com,837986f4-c456-41dc-a2a3-4c7d1cda688f,EXTERNAL_ID_NOT_IN_IDP,"externalId not found in Entra (likely deleted user). Verify in Entra, then deactivate the stale Databricks user. Low risk: cannot log in / no duplicate."
1051574099635264,indigo.ellsworth7341@example.com,30a7a221-ea21-480e-ae51-2fc3fed62d7d,EXTERNAL_ID_NOT_IN_IDP,"externalId not found in Entra (likely deleted user). Verify in Entra, then deactivate the stale Databricks user. Low risk: cannot log in / no duplicate."
9061000952996712,devon.ellsworth4367@example.com,6b023171-0b94-4ff3-a7a6-6952b14a85aa,EXTERNAL_ID_NOT_IN_IDP,"externalId not found in Entra (likely deleted user). Verify in Entra, then deactivate the stale Databricks user. Low risk: cannot log in / no duplicate."
2283071838648344,dakota.ormsby5091@example.com,6fd18f63-df37-46f7-a531-58549cc5f56c,EXTERNAL_ID_NOT_IN_IDP,"externalId not found in Entra (likely deleted user). Verify in Entra, then deactivate the stale Databricks user. Low risk: cannot log in / no duplicate."
7320163080058798,oakley.whitfield2535@example.com,a81a2e0d-b4ee-490d-a965-767a14fe3193,EXTERNAL_ID_NOT_IN_IDP,"externalId not found in Entra (likely deleted user). Verify in Entra, then deactivate the stale Databricks user. Low risk: cannot log in / no duplicate."
6991364862223184,bailey.whitfield6944@example.com,7f35d00f-fbfa-446b-a5c2-2c805edb0d6a,EXTERNAL_ID_NOT_IN_IDP,"externalId not found in Entra (likely deleted user). Verify in Entra, then deactivate the stale Databricks user. Low risk: cannot log in / no duplicate."
7428308608076109,parker.oakes6027@example.com,12cfe8c4-9cd2-4a32-aaeb-a85584218d1a,EXTERNAL_ID_NOT_IN_IDP,"externalId not found in Entra (likely deleted user). Verify in Entra, then deactivate the stale Databricks user. Low risk: cannot log in / no duplicate."
3994276108617057,quinn.merritt2888@example.com,a8268b80-b156-43e6-ae62-b6f5066664a2,EXTERNAL_ID_NOT_IN_IDP,"externalId not found in Entra (likely deleted user). Verify in Entra, then deactivate the stale Databricks user. Low risk: cannot log in / no duplicate."
9312308498934417,sawyer.calloway9782@example.com,07425a51-1fb7-4547-ad35-0eebd724e7df,EXTERNAL_ID_NOT_IN_IDP,"externalId not found in Entra (likely deleted user). Verify in Entra, then deactivate the stale Databricks user. Low risk: cannot log in / no duplicate."
8170116174562888,tatum.kingsley4315@example.com,287d78e1-f2f6-43f9-aeb3-bdf072469cac,EXTERNAL_ID_NOT_IN_IDP,"externalId not found in Entra (likely deleted user). Verify in Entra, then deactivate the stale Databricks user. Low risk: cannot log in / no duplicate."
7836687837570213,indigo.whitfield1986@example.com,776b5a15-9c8a-4aae-aef5-9702184984a5,EXTERNAL_ID_NOT_IN_IDP,"externalId not found in Entra (likely deleted user). Verify in Entra, then deactivate the stale Databricks user. Low risk: cannot log in / no duplicate."
4594554496174981,cameron.darrow0522@example.com,c7943756-3d5a-4423-a615-24b1e5ef9ea1,EXTERNAL_ID_NOT_IN_IDP,"externalId not found in Entra (likely deleted user). Verify in Entra, then deactivate the stale Databricks user. Low risk: cannot log in / no duplicate."
2256140059843692,parker.sinclair9622@example.com,54ad4845-7840-411c-ad71-b70d5ef47167,EXTERNAL_ID_NOT_IN_IDP,"externalId not found in Entra (likely deleted user). Verify in Entra, then deactivate the stale Databricks user. Low risk: cannot log in / no duplicate."
6003523142947447,casey.quimby6248@example.com,a84e9ce1-1f5d-429d-a9d7-7a16351f56de,EXTERNAL_ID_NOT_IN_IDP,"externalId not found in Entra (likely deleted user). Verify in Entra, then deactivate the stale Databricks user. Low risk: cannot log in / no duplicate."
9742210989944094,rowan.whitfield1314@example.com,f62de2f1-4d60-456a-ab6a-60e5ac9a5148,EXTERNAL_ID_NOT_IN_IDP,"externalId not found in Entra (likely deleted user). Verify in Entra, then deactivate the stale Databricks user. Low risk: cannot log in / no duplicate."
3961169914637904,teagan.northcote8656@example.com,88c8f07c-a0fb-4c74-ae4d-2aba41c252d8,EXTERNAL_ID_NOT_IN_IDP,"externalId not found in Entra (likely deleted user). Verify in Entra, then deactivate the stale Databricks user. Low risk: cannot log in / no duplicate."
3942318866300632,alex.ormsby7509@example.com,e27e1297-0121-428d-a3d9-27aaf840908c,EXTERNAL_ID_NOT_IN_IDP,"externalId not found in Entra (likely deleted user). Verify in Entra, then deactivate the stale Databricks user. Low risk: cannot log in / no duplicate."
4084765614086528,wren.whitfield0166@example.com,6f73dd6d-cd22-4283-a494-c3e8aef39f12,EXTERNAL_ID_NOT_IN_IDP,"externalId not found in Entra (likely deleted user). Verify in Entra, then deactivate the stale Databricks user. Low risk: cannot log in / no duplicate."
1467445200320533,devon.brennan9560@example.com,852ccb51-1578-4d84-a13e-b5a971fec5a4,EXTERNAL_ID_NOT_IN_IDP,"externalId not found in Entra (likely deleted user). Verify in Entra, then deactivate the stale Databricks user. Low risk: cannot log in / no duplicate."
3109924960726916,noel.fairbanks4558@example.com,6c143203-2cc4-4673-a6d8-cf6bc2267c1e,EXTERNAL_ID_NOT_IN_IDP,"externalId not found in Entra (likely deleted user). Verify in Entra, then deactivate the stale Databricks user. Low risk: cannot log in / no duplicate."
5479632837227067,emerson.yates2294@example.com,8fab6eb8-315c-41fa-a425-1fb208de5d7c,EXTERNAL_ID_NOT_IN_IDP,"externalId not found in Entra (likely deleted user). Verify in Entra, then deactivate the stale Databricks user. Low risk: cannot log in / no duplicate."
2853897554006194,casey.ormsby8796@example.com,1f99d974-bc4a-49ef-a435-d52c3a312aa2,EXTERNAL_ID_NOT_IN_IDP,"externalId not found in Entra (likely deleted user). Verify in Entra, then deactivate the stale Databricks user. Low risk: cannot log in / no duplicate."
4712105272458184,skyler.calloway7409@example.com,3812d208-6926-4f25-a176-206c6d09d9b2,EXTERNAL_ID_NOT_IN_IDP,"externalId not found in Entra (likely deleted user). Verify in Entra, then deactivate the stale Databricks user. Low risk: cannot log in / no duplicate."
4259799547440258,tanner.darrow2038@example.com,b8e09c5a-e725-4cdd-a406-5214c46e6936,EXTERNAL_ID_NOT_IN_IDP,"externalId not found in Entra (likely deleted user). Verify in Entra, then deactivate the stale Databricks user. Low risk: cannot log in / no duplicate."
1491081245260105,finley.granger2458@example.com,ae9c2952-a21d-4836-aa3a-b6a5a4fbc958,EXTERNAL_ID_NOT_IN_IDP,"externalId not found in Entra (likely deleted user). Verify in Entra, then deactivate the stale Databricks user. Low risk: cannot log in / no duplicate."
4727942654403592,casey.kirkland8159@example.com,cdde1b6d-bbcd-48b5-a7d1-72c02208b660,EXTERNAL_ID_NOT_IN_IDP,"externalId not found in Entra (likely deleted user). Verify in Entra, then deactivate the stale Databricks user. Low risk: cannot log in / no duplicate."
8047899936160189,marlowe.carlisle1229@example.com,4c72a794-e416-4943-a826-1210d9118942,EXTERNAL_ID_NOT_IN_IDP,"externalId not found in Entra (likely deleted user). Verify in Entra, then deactivate the stale Databricks user. Low risk: cannot log in / no duplicate."
4159820131138184,lane.oakes9570@example.com,0cc7e74b-1427-4463-a4d3-dc63fbcd8ff7,EXTERNAL_ID_NOT_IN_IDP,"externalId not found in Entra (likely deleted user). Verify in Entra, then deactivate the stale Databricks user. Low risk: cannot log in / no duplicate."
9749440967470288,lane.granger8839@example.com,2db19c86-f89e-4986-a96c-cb2d62cc08b0,EXTERNAL_ID_NOT_IN_IDP,"externalId not found in Entra (likely deleted user). Verify in Entra, then deactivate the stale Databricks user. Low risk: cannot log in / no duplicate."
4990528391999244,jamie.fairbanks4631@example.com,5e75d152-2caf-445c-aa30-045ab7ec1a4d,EXTERNAL_ID_NOT_IN_IDP,"externalId not found in Entra (likely deleted user). Verify in Entra, then deactivate the stale Databricks user. Low risk: cannot log in / no duplicate."
6813996186107904,phoenix.norwood5925@example.com,b4956830-8cac-4cd1-a64f-85e1c6a8f01c,EXTERNAL_ID_NOT_IN_IDP,"externalId not found in Entra (likely deleted user). Verify in Entra, then deactivate the stale Databricks user. Low risk: cannot log in / no duplicate."
3758128238501722,harper.northcote4803@example.com,123b2726-0b23-4c40-af81-36b3d3f97a5b,EXTERNAL_ID_NOT_IN_IDP,"externalId not found in Entra (likely deleted user). Verify in Entra, then deactivate the stale Databricks user. Low risk: cannot log in / no duplicate."
8113842157293966,kendall.prescott5938@example.com,1b70aab4-11a6-4079-afc7-1eadefe941bf,EXTERNAL_ID_NOT_IN_IDP,"externalId not found in Entra (likely deleted user). Verify in Entra, then deactivate the stale Databricks user. Low risk: cannot log in / no duplicate."
1407163406690384,quinn.pemberton6354@example.com,a25d92ac-06e8-4c5e-aca8-21e01f6361d0,EXTERNAL_ID_NOT_IN_IDP,"externalId not found in Entra (likely deleted user). Verify in Entra, then deactivate the stale Databricks user. Low risk: cannot log in / no duplicate."
2295185284370805,oakley.eastwood4439@example.com,b4c3ceed-c78c-4e23-ac76-9fdb5e3e4463,EXTERNAL_ID_NOT_IN_IDP,"externalId not found in Entra (likely deleted user). Verify in Entra, then deactivate the stale Databricks user. Low risk: cannot log in / no duplicate."
3333105000445391,dakota.carlisle2818@example.com,b71289b5-739e-4293-a16c-d77bbc3442f7,EXTERNAL_ID_NOT_IN_IDP,"externalId not found in Entra (likely deleted user). Verify in Entra, then deactivate the stale Databricks user. Low risk: cannot log in / no duplicate."
6703485963002866,hayden.hawthorne2605@example.com,27b79806-cb1e-458a-a117-c14612fdf28b,EXTERNAL_ID_NOT_IN_IDP,"externalId not found in Entra (likely deleted user). Verify in Entra, then deactivate the stale Databricks user. Low risk: cannot log in / no duplicate."
2573527158660277,wren.radcliffe4516@example.com,601b1b7a-23bd-4947-a056-59d68df01fa8,EXTERNAL_ID_NOT_IN_IDP,"externalId not found in Entra (likely deleted user). Verify in Entra, then deactivate the stale Databricks user. Low risk: cannot log in / no duplicate."
5243279118200683,finley.fenwick4627@example.com,f08afc3d-5173-457c-a5ab-ee7c8e78ab17,EXTERNAL_ID_NOT_IN_IDP,"externalId not found in Entra (likely deleted user). Verify in Entra, then deactivate the stale Databricks user. Low risk: cannot log in / no duplicate."
6627668221619842,sawyer.ashford2565@example.com,86170c4e-2e82-42c3-a328-10316a7e6b49,EXTERNAL_ID_NOT_IN_IDP,"externalId not found in Entra (likely deleted user). Verify in Entra, then deactivate the stale Databricks user. Low risk: cannot log in / no duplicate."
5132860731364446,parker.vance1660@example.com,95dbe6eb-6d8b-499d-ae9d-5b8de555cc9f,EXTERNAL_ID_NOT_IN_IDP,"externalId not found in Entra (likely deleted user). Verify in Entra, then deactivate the stale Databricks user. Low risk: cannot log in / no duplicate."
9867199551161019,gray.delaney8887@example.com,09e99955-f795-487f-adb5-ff6eea2f1df7,EXTERNAL_ID_NOT_IN_IDP,"externalId not found in Entra (likely deleted user). Verify in Entra, then deactivate the stale Databricks user. Low risk: cannot log in / no duplicate."
1359266003937250,riley.langley1322@example.com,7c844414-fb5c-458a-abda-fbe035131d44,EXTERNAL_ID_NOT_IN_IDP,"externalId not found in Entra (likely deleted user). Verify in Entra, then deactivate the stale Databricks user. Low risk: cannot log in / no duplicate."
5718556477032327,emerson.stanton3181@example.com,910c03cd-a8b2-4207-a4b1-348d4256b726,EXTERNAL_ID_NOT_IN_IDP,"externalId not found in Entra (likely deleted user). Verify in Entra, then deactivate the stale Databricks user. Low risk: cannot log in / no duplicate."
8725646794559780,jamie.quimby5723@example.com,8cfb8e4e-9875-45da-adfc-27d7843d92bd,EXTERNAL_ID_NOT_IN_IDP,"externalId not found in Entra (likely deleted user). Verify in Entra, then deactivate the stale Databricks user. Low risk: cannot log in / no duplicate."
9272153026672549,riley.northcote1337@example.com,089dc4ff-9328-4b83-ae6e-5acd3893b446,EXTERNAL_ID_NOT_IN_IDP,"externalId not found in Entra (likely deleted user). Verify in Entra, then deactivate the stale Databricks user. Low risk: cannot log in / no duplicate."
6620041154415530,nico.calloway6627@example.com,8ff18044-7d29-411a-a038-dca15f0f92c0,EXTERNAL_ID_NOT_IN_IDP,"externalId not found in Entra (likely deleted user). Verify in Entra, then deactivate the stale Databricks user. Low risk: cannot log in / no duplicate."
5423983549177409,emerson.granger8909@example.com,09a22016-34e8-4ac5-aba1-9ea3db007696,EXTERNAL_ID_NOT_IN_IDP,"externalId not found in Entra (likely deleted user). Verify in Entra, then deactivate the stale Databricks user. Low risk: cannot log in / no duplicate."
1184301565477154,indigo.brennan1335@example.com,64f15b43-8305-4d4e-a81c-54ec79d101b5,EXTERNAL_ID_NOT_IN_IDP,"externalId not found in Entra (likely deleted user). Verify in Entra, then deactivate the stale Databricks user. Low risk: cannot log in / no duplicate."
9872251403550610,alex.fairbanks2669@example.com,d8390f27-7951-4a04-acf3-efaf7771cb55,EXTERNAL_ID_NOT_IN_IDP,"externalId not found in Entra (likely deleted user). Verify in Entra, then deactivate the stale Databricks user. Low risk: cannot log in / no duplicate."
2101699951105508,rowan.granger6171@example.com,15a50271-7767-4909-a0f7-9858c8f7cd46,EXTERNAL_ID_NOT_IN_IDP,"externalId not found in Entra (likely deleted user). Verify in Entra, then deactivate the stale Databricks user. Low risk: cannot log in / no duplicate."
1505932560216222,devon.oakes6096@example.com,6d1c61bb-228c-453e-a0a3-c9bd9b6e3708,EXTERNAL_ID_NOT_IN_IDP,"externalId not found in Entra (likely deleted user). Verify in Entra, then deactivate the stale Databricks user. Low risk: cannot log in / no duplicate."
3864056981071026,marlowe.underwood0301@example.com,51db9595-96d6-4671-ae48-baba32c3696c,EXTERNAL_ID_NOT_IN_IDP,"externalId not found in Entra (likely deleted user). Verify in Entra, then deactivate the stale Databricks user. Low risk: cannot log in / no duplicate."
2844236961021695,nico.calloway3475@example.com,c1b62b98-f8ff-4f0a-afbf-dc3b3fe8b95b,EXTERNAL_ID_NOT_IN_IDP,"externalId not found in Entra (likely deleted user). Verify in Entra, then deactivate the stale Databricks user. Low risk: cannot log in / no duplicate."
5754101435760898,sawyer.brennan9117@example.com,e668eb95-6d6c-4c44-aa4f-06ae2933533f,EXTERNAL_ID_NOT_IN_IDP,"externalId not found in Entra (likely deleted user). Verify in Entra, then deactivate the stale Databricks user. Low risk: cannot log in / no duplicate."
7871162996150952,vaughn.vance6219@example.com,755a7f84-6196-47fc-a42f-d862636c8aaa,EXTERNAL_ID_NOT_IN_IDP,"externalId not found in Entra (likely deleted user). Verify in Entra, then deactivate the stale Databricks user. Low risk: cannot log in / no duplicate."
3427883581673472,micah.thornton3539@example.com,a2f5fcb5-8da5-422b-a661-6d21aa084c61,EXTERNAL_ID_NOT_IN_IDP,"externalId not found in Entra (likely deleted user). Verify in Entra, then deactivate the stale Databricks user. Low risk: cannot log in / no duplicate."
5888686993160350,wren.abbott3521@example.com,c57ed07a-e958-433f-a939-31beaa3d0b57,EXTERNAL_ID_NOT_IN_IDP,"externalId not found in Entra (likely deleted user). Verify in Entra, then deactivate the stale Databricks user. Low risk: cannot log in / no duplicate."
5976414042388336,alex.jennings0924@example.com,2b863613-fd94-448f-a980-2c4b77bfbca9,EXTERNAL_ID_NOT_IN_IDP,"externalId not found in Entra (likely deleted user). Verify in Entra, then deactivate the stale Databricks user. Low risk: cannot log in / no duplicate."
8951884822452152,tatum.lockwood1266@example.com,bb8d7874-c2f4-4f0d-a237-3566c2a5e023,EXTERNAL_ID_NOT_IN_IDP,"externalId not found in Entra (likely deleted user). Verify in Entra, then deactivate the stale Databricks user. Low risk: cannot log in / no duplicate."
8166368759809796,kendall.norwood5837@example.com,103728c3-08a8-40d8-ac14-e193a055d064,EXTERNAL_ID_NOT_IN_IDP,"externalId not found in Entra (likely deleted user). Verify in Entra, then deactivate the stale Databricks user. Low risk: cannot log in / no duplicate."
7598130576116716,harper.fenwick1669@example.com,e2364cf4-0ca3-40aa-add8-d452dab75f0f,EXTERNAL_ID_NOT_IN_IDP,"externalId not found in Entra (likely deleted user). Verify in Entra, then deactivate the stale Databricks user. Low risk: cannot log in / no duplicate."
6311109970897819,teagan.stanton8344@example.com,91653507-930b-4205-a8fc-b7c0a6135b29,EXTERNAL_ID_NOT_IN_IDP,"externalId not found in Entra (likely deleted user). Verify in Entra, then deactivate the stale Databricks user. Low risk: cannot log in / no duplicate."
5744373756697925,morgan.norwood0199@example.com,f6e3d7ea-5004-4ff8-a1ba-d5642d595389,EXTERNAL_ID_NOT_IN_IDP,"externalId not found in Entra (likely deleted user). Verify in Entra, then deactivate the stale Databricks user. Low risk: cannot log in / no duplicate."
2731711383229155,wren.jennings8381@example.com,7cb1ce39-3ec0-4673-a811-3f9b41faf13e,EXTERNAL_ID_NOT_IN_IDP,"externalId not found in Entra (likely deleted user). Verify in Entra, then deactivate the stale Databricks user. Low risk: cannot log in / no duplicate."
1259123331699337,cameron.eastwood5102@example.com,639a5d91-66e4-4850-a337-9047a2c60298,EXTERNAL_ID_NOT_IN_IDP,"externalId not found in Entra (likely deleted user). Verify in Entra, then deactivate the stale Databricks user. Low risk: cannot log in / no duplicate."
8583274957237322,ellis.whitfield0850@example.com,9d8f8763-08ab-4566-a770-2b914d4aecd7,EXTERNAL_ID_NOT_IN_IDP,"externalId not found in Entra (likely deleted user). Verify in Entra, then deactivate the stale Databricks user. Low risk: cannot log in / no duplicate."
3420650642714676,alex.darrow9606@example.com,33e5883f-0da6-45a5-ab6d-475d879d54fa,EXTERNAL_ID_NOT_IN_IDP,"externalId not found in Entra (likely deleted user). Verify in Entra, then deactivate the stale Databricks user. Low risk: cannot log in / no duplicate."
9790638319255561,vaughn.jennings8759@example.com,9c48e410-5f2d-47b3-af7b-69f6034ecad9,EXTERNAL_ID_NOT_IN_IDP,"externalId not found in Entra (likely deleted user). Verify in Entra, then deactivate the stale Databricks user. Low risk: cannot log in / no duplicate."
7895968992876990,vaughn.abbott1861@example.com,84fb375e-4bb0-44f7-a42e-affef9c9f00b,EXTERNAL_ID_NOT_IN_IDP,"externalId not found in Entra (likely deleted user). Verify in Entra, then deactivate the stale Databricks user. Low risk: cannot log in / no duplicate."
6116132691618698,parker.ormsby2357@example.com,668c56f9-b6cc-4357-a7f5-8f1d164ca85a,EXTERNAL_ID_NOT_IN_IDP,"externalId not found in Entra (likely deleted user). Verify in Entra, then deactivate the stale Databricks user. Low risk: cannot log in / no duplicate."
5177321476916988,nico.northcote0303@example.com,f3f6d482-ad3c-4a4b-ac2e-5494c7818538,EXTERNAL_ID_NOT_IN_IDP,"externalId not found in Entra (likely deleted user). Verify in Entra, then deactivate the stale Databricks user. Low risk: cannot log in / no duplicate."
8172015022305950,dakota.calloway6377@example.com,0f2e6aea-bc79-4fbd-a214-a6a18d83081a,EXTERNAL_ID_NOT_IN_IDP,"externalId not found in Entra (likely deleted user). Verify in Entra, then deactivate the stale Databricks user. Low risk: cannot log in / no duplicate."
1155159062285886,lane.fenwick5788@example.com,76945abf-19e9-4fc4-a678-beb36744565a,EXTERNAL_ID_NOT_IN_IDP,"externalId not found in Entra (likely deleted user). Verify in Entra, then deactivate the stale Databricks user. Low risk: cannot log in / no duplicate."
2469135035077190,morgan.vance8600@example.com,8431fb18-e1b3-41a2-a33e-5f385b3a12ea,EXTERNAL_ID_NOT_IN_IDP,"externalId not found in Entra (likely deleted user). Verify in Entra, then deactivate the stale Databricks user. Low risk: cannot log in / no duplicate."
3244854215334764,alex.ingram8509@example.com,6a8072fe-231a-48d6-acb6-5c90acb83623,EXTERNAL_ID_NOT_IN_IDP,"externalId not found in Entra (likely deleted user). Verify in Entra, then deactivate the stale Databricks user. Low risk: cannot log in / no duplicate."
4051441883000028,indigo.thornton2409@example.com,f2578092-7c2a-4a19-a7fe-7af405a3907c,EXTERNAL_ID_NOT_IN_IDP,"externalId not found in Entra (likely deleted user). Verify in Entra, then deactivate the stale Databricks user. Low risk: cannot log in / no duplicate."
2100373376175704,harper.radcliffe9198@example.com,c6a9ef64-c8d0-4f4e-ac17-8c9288e19a01,EXTERNAL_ID_NOT_IN_IDP,"externalId not found in Entra (likely deleted user). Verify in Entra, then deactivate the stale Databricks user. Low risk: cannot log in / no duplicate."
4338217591649169,jordan.brennan0760@example.com,46dbb957-23a1-45bf-aaf9-635c0643ed10,EXTERNAL_ID_NOT_IN_IDP,"externalId not found in Entra (likely deleted user). Verify in Entra, then deactivate the stale Databricks user. Low risk: cannot log in / no duplicate."
2688188222454610,skyler.pemberton1942@example.com,5577b4dd-83bc-47d4-a4ef-2544e1c9ddf0,EXTERNAL_ID_NOT_IN_IDP,"externalId not found in Entra (likely deleted user). Verify in Entra, then deactivate the stale Databricks user. Low risk: cannot log in / no duplicate."
1498169607888502,oakley.merritt5653@example.com,2bfff34a-f255-4722-af29-0f1659eeee5e,EXTERNAL_ID_NOT_IN_IDP,"externalId not found in Entra (likely deleted user). Verify in Entra, then deactivate the stale Databricks user. Low risk: cannot log in / no duplicate."
7499253088613433,casey.ramsey6327@example.com,1a63f31a-90a4-467e-a6bd-c4d5a21351ce,EXTERNAL_ID_NOT_IN_IDP,"externalId not found in Entra (likely deleted user). Verify in Entra, then deactivate the stale Databricks user. Low risk: cannot log in / no duplicate."
3963774397762850,nico.northcote9463@example.com,cb7e3b27-ca60-452b-aa44-09fc76841c46,EXTERNAL_ID_NOT_IN_IDP,"externalId not found in Entra (likely deleted user). Verify in Entra, then deactivate the stale Databricks user. Low risk: cannot log in / no duplicate."
5208308849799184,tanner.whitfield5140@example.com,30e6a73a-0a52-493e-a1e2-ee88347a04c5,EXTERNAL_ID_NOT_IN_IDP,"externalId not found in Entra (likely deleted user). Verify in Entra, then deactivate the stale Databricks user. Low risk: cannot log in / no duplicate."
4557774989338930,hayden.bancroft4092@example.com,60afe3df-8c2c-4e39-ad26-438d9cd77bef,EXTERNAL_ID_NOT_IN_IDP,"externalId not found in Entra (likely deleted user). Verify in Entra, then deactivate the stale Databricks user. Low risk: cannot log in / no duplicate."
4406801491376321,ellis.jennings9494@example.com,dc991fa4-f30c-4761-a857-612113319996,EXTERNAL_ID_NOT_IN_IDP,"externalId not found in Entra (likely deleted user). Verify in Entra, then deactivate the stale Databricks user. Low risk: cannot log in / no duplicate."
2255359975314883,skyler.abbott5140@example.com,6759c02d-ee39-415c-a72a-a6e1660b6702,EXTERNAL_ID_NOT_IN_IDP,"externalId not found in Entra (likely deleted user). Verify in Entra, then deactivate the stale Databricks user. Low risk: cannot log in / no duplicate."
5068452327346130,vaughn.ellsworth7407@example.com,0deec99a-30b6-456e-a8b3-606dcecf54b4,EXTERNAL_ID_NOT_IN_IDP,"externalId not found in Entra (likely deleted user). Verify in Entra, then deactivate the stale Databricks user. Low risk: cannot log in / no duplicate."
4373598754180520,oakley.ormsby2844@example.com,1051192a-191a-4adb-a248-8f5193f0d2df,EXTERNAL_ID_NOT_IN_IDP,"externalId not found in Entra (likely deleted user). Verify in Entra, then deactivate the stale Databricks user. Low risk: cannot log in / no duplicate."
6261322084989479,marlowe.stanton0884@example.com,8e0393bf-4012-4770-a1e7-365bd242feeb,EXTERNAL_ID_NOT_IN_IDP,"externalId not found in Entra (likely deleted user). Verify in Entra, then deactivate the stale Databricks user. Low risk: cannot log in / no duplicate."
9756440192939963,sage.darrow6324@example.com,48b9a89c-7da8-41db-a6b6-27a4079e3148,EXTERNAL_ID_NOT_IN_IDP,"externalId not found in Entra (likely deleted user). Verify in Entra, then deactivate the stale Databricks user. Low risk: cannot log in / no duplicate."
3706407362255518,jordan.kirkland9272@example.com,f8ea0d3f-18f3-4883-a7d1-87c975d05b4c,EXTERNAL_ID_NOT_IN_IDP,"externalId not found in Entra (likely deleted user). Verify in Entra, then deactivate the stale Databricks user. Low risk: cannot log in / no duplicate."
3396239919106693,harper.marchetti3406@example.com,e98edc5e-4163-413f-af22-b7bfb9a85e66,EXTERNAL_ID_NOT_IN_IDP,"externalId not found in Entra (likely deleted user). Verify in Entra, then deactivate the stale Databricks user. Low risk: cannot log in / no duplicate."
8009109710314469,gray.whitfield3166@example.com,3b19e93e-bd76-4f1f-a08b-48a23f7d98dc,EXTERNAL_ID_NOT_IN_IDP,"externalId not found in Entra (likely deleted user). Verify in Entra, then deactivate the stale Databricks user. Low risk: cannot log in / no duplicate."
2000378609425096,adrian.granger4834@example.com,47fb6dd3-c1b5-46bb-abe0-43f0077c969c,EXTERNAL_ID_NOT_IN_IDP,"externalId not found in Entra (likely deleted user). Verify in Entra, then deactivate the stale Databricks user. Low risk: cannot log in / no duplicate."
9577234395256437,adrian.yates2297@example.com,1e2f6cdd-6ba7-45f4-a812-b53af24aaf2b,EXTERNAL_ID_NOT_IN_IDP,"externalId not found in Entra (likely deleted user). Verify in Entra, then deactivate the stale Databricks user. Low risk: cannot log in / no duplicate."
2147999372516771,harper.lockwood3108@example.com,3844d954-1ea8-4115-a66e-44b7dbbdf5cf,EXTERNAL_ID_NOT_IN_IDP,"externalId not found in Entra (likely deleted user). Verify in Entra, then deactivate the stale Databricks user. Low risk: cannot log in / no duplicate."
7696649331030204,riley.prescott4572@example.com,6ad7beda-e56e-4310-a48b-de398bc4c5ce,EXTERNAL_ID_NOT_IN_IDP,"externalId not found in Entra (likely deleted user). Verify in Entra, then deactivate the stale Databricks user. Low risk: cannot log in / no duplicate."
9248185425200599,morgan.prescott0445@example.com,af5521c6-dcb5-4a56-a7ad-0b1b57ddba9f,EXTERNAL_ID_NOT_IN_IDP,"externalId not found in Entra (likely deleted user). Verify in Entra, then deactivate the stale Databricks user. Low risk: cannot log in / no duplicate."
5677695814769135,devon.ashford3397@example.com,aedb4f82-44ca-4da0-a36e-499a1bbb9b84,EXTERNAL_ID_NOT_IN_IDP,"externalId not found in Entra (likely deleted user). Verify in Entra, then deactivate the stale Databricks user. Low risk: cannot log in / no duplicate."
1901690966942711,oakley.ellsworth8381@example.com,147758a9-b15d-4bdd-acca-fa46edcf045c,EXTERNAL_ID_NOT_IN_IDP,"externalId not found in Entra (likely deleted user). Verify in Entra, then deactivate the stale Databricks user. Low risk: cannot log in / no duplicate."
7012873713328234,cameron.ramsey4706@example.com,994257a9-3833-4f77-a1c0-86df57b04068,EXTERNAL_ID_NOT_IN_IDP,"externalId not found in Entra (likely deleted user). Verify in Entra, then deactivate the stale Databricks user. Low risk: cannot log in / no duplicate."
6711388364723287,cameron.kingsley7217@example.com,ca08e571-7ecd-4d8f-aec7-9965e424af63,EXTERNAL_ID_NOT_IN_IDP,"externalId not found in Entra (likely deleted user). Verify in Entra, then deactivate the stale Databricks user. Low risk: cannot log in / no duplicate."
5442382271647455,kendall.kirkland9929@example.com,69783e51-66db-4e46-a09d-1d77f618c337,EXTERNAL_ID_NOT_IN_IDP,"externalId not found in Entra (likely deleted user). Verify in Entra, then deactivate the stale Databricks user. Low risk: cannot log in / no duplicate."
5668771868942064,tanner.vance7013@example.com,28e92edc-1af2-4130-aac4-4c5acf621885,EXTERNAL_ID_NOT_IN_IDP,"externalId not found in Entra (likely deleted user). Verify in Entra, then deactivate the stale Databricks user. Low risk: cannot log in / no duplicate."
3875011232738331,tatum.eastwood0203@example.com,1721f2c4-bab5-43e8-a9cf-2890fd285b69,EXTERNAL_ID_NOT_IN_IDP,"externalId not found in Entra (likely deleted user). Verify in Entra, then deactivate the stale Databricks user. Low risk: cannot log in / no duplicate."
3936647256504169,dakota.abbott3348@example.com,a09da681-12c1-4781-a91d-fe08b2b1396c,EXTERNAL_ID_NOT_IN_IDP,"externalId not found in Entra (likely deleted user). Verify in Entra, then deactivate the stale Databricks user. Low risk: cannot log in / no duplicate."
3325938994540940,rowan.calloway3050@example.com,4c7baab3-040e-4ec2-a3a4-f0725750ae13,EXTERNAL_ID_NOT_IN_IDP,"externalId not found in Entra (likely deleted user). Verify in Entra, then deactivate the stale Databricks user. Low risk: cannot log in / no duplicate."
2927247528025228,tanner.langley2067@example.com,b9bb1c0f-2161-4a1b-a7d5-eb3c05824005,EXTERNAL_ID_NOT_IN_IDP,"externalId not found in Entra (likely deleted user). Verify in Entra, then deactivate the stale Databricks user. Low risk: cannot log in / no duplicate."
9911977020300186,sage.brennan2929@example.com,1ed63d62-daff-4418-a7ab-eee571ef3314,EXTERNAL_ID_NOT_IN_IDP,"externalId not found in Entra (likely deleted user). Verify in Entra, then deactivate the stale Databricks user. Low risk: cannot log in / no duplicate."
9818476413011818,skyler.calloway6525@example.com,7f58e72e-09ce-46c4-a7a1-1a73624474ea,EXTERNAL_ID_NOT_IN_IDP,"externalId not found in Entra (likely deleted user). Verify in Entra, then deactivate the stale Databricks user. Low risk: cannot log in / no duplicate."
2773716250640372,blake.thornton6919@example.com,2ed15c82-171a-420e-a742-85af0f87afc5,EXTERNAL_ID_NOT_IN_IDP,"externalId not found in Entra (likely deleted user). Verify in Entra, then deactivate the stale Databricks user. Low risk: cannot log in / no duplicate."
9030552336332302,rowan.granger2919@example.com,b1e1d20a-4029-4330-a871-c9c9c4c116e8,EXTERNAL_ID_NOT_IN_IDP,"externalId not found in Entra (likely deleted user). Verify in Entra, then deactivate the stale Databricks user. Low risk: cannot log in / no duplicate."
4288612582008420,finley.abbott2159@example.com,657bed42-2d80-4b79-a01e-7edd4fd12dac,EXTERNAL_ID_NOT_IN_IDP,"externalId not found in Entra (likely deleted user). Verify in Entra, then deactivate the stale Databricks user. Low risk: cannot log in / no duplicate."
1842633220862801,reese.lockwood7639@example.com,e1b9bb34-e0fe-469c-aa19-9c391a8f06fe,EXTERNAL_ID_NOT_IN_IDP,"externalId not found in Entra (likely deleted user). Verify in Entra, then deactivate the stale Databricks user. Low risk: cannot log in / no duplicate."
1672983255707740,ellis.merritt9367@example.com,a27d9c40-3c88-481c-a9d8-3e0820466447,EXTERNAL_ID_NOT_IN_IDP,"externalId not found in Entra (likely deleted user). Verify in Entra, then deactivate the stale Databricks user. Low risk: cannot log in / no duplicate."
3491279089045792,wren.northcote4792@example.com,08cea02c-4302-468b-aa66-c21becf5d12a,EXTERNAL_ID_NOT_IN_IDP,"externalId not found in Entra (likely deleted user). Verify in Entra, then deactivate the stale Databricks user. Low risk: cannot log in / no duplicate."
5511626067223416,devon.oakes1202@example.com,f1dda24b-894a-47ab-a2a4-67ed8846f440,EXTERNAL_ID_NOT_IN_IDP,"externalId not found in Entra (likely deleted user). Verify in Entra, then deactivate the stale Databricks user. Low risk: cannot log in / no duplicate."
1289672678608511,tatum.northcote7399@example.com,00e2a835-3aff-4f67-a5fa-a7e6241e653c,EXTERNAL_ID_NOT_IN_IDP,"externalId not found in Entra (likely deleted user). Verify in Entra, then deactivate the stale Databricks user. Low risk: cannot log in / no duplicate."
7591228142552252,ellis.ellsworth4426@example.com,b3b6b9f0-3432-47c4-affe-b761de998fa2,EXTERNAL_ID_NOT_IN_IDP,"externalId not found in Entra (likely deleted user). Verify in Entra, then deactivate the stale Databricks user. Low risk: cannot log in / no duplicate."
7320177940857162,parker.vance2179@example.com,d9935399-b018-490c-acc1-7f2df10c5409,EXTERNAL_ID_NOT_IN_IDP,"externalId not found in Entra (likely deleted user). Verify in Entra, then deactivate the stale Databricks user. Low risk: cannot log in / no duplicate."
2130513335712977,hayden.ormsby6886@example.com,235b7f68-bafd-4ae9-a5d8-3e9b8b56bf36,EXTERNAL_ID_NOT_IN_IDP,"externalId not found in Entra (likely deleted user). Verify in Entra, then deactivate the stale Databricks user. Low risk: cannot log in / no duplicate."
9855400455131572,emerson.oakes1301@example.com,5789a191-f46d-4ccc-a494-bb6e6ad48522,EXTERNAL_ID_NOT_IN_IDP,"externalId not found in Entra (likely deleted user). Verify in Entra, then deactivate the stale Databricks user. Low risk: cannot log in / no duplicate."
5500371505718199,logan.langley4319@example.com,91b9bc11-7438-43ef-aeac-81425d95745b,EXTERNAL_ID_NOT_IN_IDP,"externalId not found in Entra (likely deleted user). Verify in Entra, then deactivate the stale Databricks user. Low risk: cannot log in / no duplicate."
5801648926893250,reese.ramsey3992@example.com,2ddbbabc-623e-4570-ae1d-9f1720b15314,EXTERNAL_ID_NOT_IN_IDP,"externalId not found in Entra (likely deleted user). Verify in Entra, then deactivate the stale Databricks user. Low risk: cannot log in / no duplicate."
5766903326838474,quinn.delaney4067@example.com,955c625c-68c2-42a3-af6e-30f120b3d38d,EXTERNAL_ID_NOT_IN_IDP,"externalId not found in Entra (likely deleted user). Verify in Entra, then deactivate the stale Databricks user. Low risk: cannot log in / no duplicate."
2267765864823745,bailey.bancroft4195@example.com,9be0e57e-8d99-4056-acb0-5330d2e9350f,EXTERNAL_ID_NOT_IN_IDP,"externalId not found in Entra (likely deleted user). Verify in Entra, then deactivate the stale Databricks user. Low risk: cannot log in / no duplicate."
2622320452035713,jordan.quimby1521@example.com,fe50392b-faa4-4b7b-a698-0a9cd795fe95,EXTERNAL_ID_NOT_IN_IDP,"externalId not found in Entra (likely deleted user). Verify in Entra, then deactivate the stale Databricks user. Low risk: cannot log in / no duplicate."
1800854981382489,tatum.eastwood1928@example.com,84fb375e-4bb0-44f7-a42e-affef9c9f00b,EXTERNAL_ID_NOT_IN_IDP,"externalId not found in Entra (likely deleted user). Verify in Entra, then deactivate the stale Databricks user. Low risk: cannot log in / no duplicate."
9205494612347066,ellis.ellsworth6335@example.com,26e0d29b-7e91-4699-a1f8-101114b9aeea,EXTERNAL_ID_NOT_IN_IDP,"externalId not found in Entra (likely deleted user). Verify in Entra, then deactivate the stale Databricks user. Low risk: cannot log in / no duplicate."
9523237670617382,phoenix.kirkland4776@example.com,1f174957-8e0e-47b9-a2b2-05b6efd05156,EXTERNAL_ID_NOT_IN_IDP,"externalId not found in Entra (likely deleted user). Verify in Entra, then deactivate the stale Databricks user. Low risk: cannot log in / no duplicate."
9054911989237421,blake.fenwick6943@example.com,61e51428-423a-4042-a6aa-058df9c4811e,EXTERNAL_ID_NOT_IN_IDP,"externalId not found in Entra (likely deleted user). Verify in Entra, then deactivate the stale Databricks user. Low risk: cannot log in / no duplicate."
9033301696371795,vaughn.radcliffe8788@example.com,38082fa9-e873-4550-a9df-0e3b836603a5,EXTERNAL_ID_NOT_IN_IDP,"externalId not found in Entra (likely deleted user). Verify in Entra, then deactivate the stale Databricks user. Low risk: cannot log in / no duplicate."
3649347862641812,wren.yates7642@example.com,0490bb7a-da2f-406c-a92a-851e97ac02fd,EXTERNAL_ID_NOT_IN_IDP,"externalId not found in Entra (likely deleted user). Verify in Entra, then deactivate the stale Databricks user. Low risk: cannot log in / no duplicate."
9669350377548980,tatum.lockwood3676@example.com,596f0b4a-8c51-4e57-a756-0a8be76a62e4,EXTERNAL_ID_NOT_IN_IDP,"externalId not found in Entra (likely deleted user). Verify in Entra, then deactivate the stale Databricks user. Low risk: cannot log in / no duplicate."
7621682076693608,kai.granger5396@example.com,5293bfac-b175-4982-a002-a5b92c84e180,EXTERNAL_ID_NOT_IN_IDP,"externalId not found in Entra (likely deleted user). Verify in Entra, then deactivate the stale Databricks user. Low risk: cannot log in / no duplicate."
1542546761117402,tatum.thornton1871@example.com,68ee375d-5718-4532-aeea-1026ca94fe73,EXTERNAL_ID_NOT_IN_IDP,"externalId not found in Entra (likely deleted user). Verify in Entra, then deactivate the stale Databricks user. Low risk: cannot log in / no duplicate."
6725771640642063,noel.eastwood2534@example.com,878a175a-709e-45e0-a537-b36a1bcdc04f,EXTERNAL_ID_NOT_IN_IDP,"externalId not found in Entra (likely deleted user). Verify in Entra, then deactivate the stale Databricks user. Low risk: cannot log in / no duplicate."
4779677988598466,nico.sinclair1499@example.com,32887107-a645-4567-a1ee-5e76de198746,EXTERNAL_ID_NOT_IN_IDP,"externalId not found in Entra (likely deleted user). Verify in Entra, then deactivate the stale Databricks user. Low risk: cannot log in / no duplicate."
7369654790055363,finley.calloway2738@example.com,b8a4c61c-0935-406d-aca2-20cb3807065e,EXTERNAL_ID_NOT_IN_IDP,"externalId not found in Entra (likely deleted user). Verify in Entra, then deactivate the stale Databricks user. Low risk: cannot log in / no duplicate."
1661869208830379,hayden.carlisle9470@example.com,98e74d94-75d1-4e78-a31a-1b9487c43c9a,EXTERNAL_ID_NOT_IN_IDP,"externalId not found in Entra (likely deleted user). Verify in Entra, then deactivate the stale Databricks user. Low risk: cannot log in / no duplicate."
3111552605373000,harper.thornton8434@example.com,89c25828-3027-4237-a9bb-307f525d1524,EXTERNAL_ID_NOT_IN_IDP,"externalId not found in Entra (likely deleted user). Verify in Entra, then deactivate the stale Databricks user. Low risk: cannot log in / no duplicate."
5110896444760648,jamie.hollister9570@example.com,440bcda0-201a-4f46-a548-a1194810e990,EXTERNAL_ID_NOT_IN_IDP,"externalId not found in Entra (likely deleted user). Verify in Entra, then deactivate the stale Databricks user. Low risk: cannot log in / no duplicate."
2998350593998842,sage.kingsley7682@example.com,56e1c13c-2d30-47e9-a7c7-923035cfbb5e,EXTERNAL_ID_NOT_IN_IDP,"externalId not found in Entra (likely deleted user). Verify in Entra, then deactivate the stale Databricks user. Low risk: cannot log in / no duplicate."
2186133374769660,cameron.vance6132@example.com,5c0c5bf0-d93c-47bd-a461-1322dfcb96ab,EXTERNAL_ID_NOT_IN_IDP,"externalId not found in Entra (likely deleted user). Verify in Entra, then deactivate the stale Databricks user. Low risk: cannot log in / no duplicate."
3989023725335018,tanner.merritt1485@example.com,15d8e8ae-c12c-45fb-a95f-b4e610ee38f8,EXTERNAL_ID_NOT_IN_IDP,"externalId not found in Entra (likely deleted user). Verify in Entra, then deactivate the stale Databricks user. Low risk: cannot log in / no duplicate."
2268540381320169,casey.yates4377@example.com,75c8b474-d01a-404f-a924-2de047d55981,EXTERNAL_ID_NOT_IN_IDP,"externalId not found in Entra (likely deleted user). Verify in Entra, then deactivate the stale Databricks user. Low risk: cannot log in / no duplicate."
9652403844063136,bailey.langley7503@example.com,d0889f34-c274-4d52-a61a-d99442d13e37,EXTERNAL_ID_NOT_IN_IDP,"externalId not found in Entra (likely deleted user). Verify in Entra, then deactivate the stale Databricks user. Low risk: cannot log in / no duplicate."
9324447784949883,hayden.kirkland5568@example.com,fe1d678a-3156-4e81-a0b5-e18072aef334,EXTERNAL_ID_NOT_IN_IDP,"externalId not found in Entra (likely deleted user). Verify in Entra, then deactivate the stale Databricks user. Low risk: cannot log in / no duplicate."
8385741150558329,hayden.quimby9437@example.com,909e3a59-3ec7-405b-a64a-9f17ae3355d9,EXTERNAL_ID_NOT_IN_IDP,"externalId not found in Entra (likely deleted user). Verify in Entra, then deactivate the stale Databricks user. Low risk: cannot log in / no duplicate."
3235528308300279,devon.langley1003@example.com,99769cdf-1a84-444c-a41c-660def47a964,EXTERNAL_ID_NOT_IN_IDP,"externalId not found in Entra (likely deleted user). Verify in Entra, then deactivate the stale Databricks user. Low risk: cannot log in / no duplicate."
7273168424616259,kendall.hollister6283@example.com,8811b8cb-f0e8-47a4-a516-185e8f2dc3db,EXTERNAL_ID_NOT_IN_IDP,"externalId not found in Entra (likely deleted user). Verify in Entra, then deactivate the stale Databricks user. Low risk: cannot log in / no duplicate."
2798186669417747,phoenix.quimby6335@example.com,3048ba1a-e7f3-4669-a05e-8d53beb612b1,EXTERNAL_ID_NOT_IN_IDP,"externalId not found in Entra (likely deleted user). Verify in Entra, then deactivate the stale Databricks user. Low risk: cannot log in / no duplicate."
6653844282899948,vaughn.calloway1865@example.com,a5d655ab-bfb5-4922-a05e-27afd93981b1,EXTERNAL_ID_NOT_IN_IDP,"externalId not found in Entra (likely deleted user). Verify in Entra, then deactivate the stale Databricks user. Low risk: cannot log in / no duplicate."
6437294675761710,parker.quimby5352@example.com,fe603b97-25f9-4788-a8c9-871948d2cef1,EXTERNAL_ID_NOT_IN_IDP,"externalId not found in Entra (likely deleted user). Verify in Entra, then deactivate the stale Databricks user. Low risk: cannot log in / no duplicate."
7155936799160779,hayden.vance9808@example.com,bdcc4db1-618a-4ac8-a057-0f69ef803e02,EXTERNAL_ID_NOT_IN_IDP,"externalId not found in Entra (likely deleted user). Verify in Entra, then deactivate the stale Databricks user. Low risk: cannot log in / no duplicate."
7505213046774739,jordan.kingsley0180@example.com,648e88ad-405e-4cc1-a693-de483e034383,EXTERNAL_ID_NOT_IN_IDP,"externalId not found in Entra (likely deleted user). Verify in Entra, then deactivate the stale Databricks user. Low risk: cannot log in / no duplicate."
4600456717767065,logan.kingsley9399@example.com,7331f7bf-c0e4-451c-af56-5b44d122b814,EXTERNAL_ID_NOT_IN_IDP,"externalId not found in Entra (likely deleted user). Verify in Entra, then deactivate the stale Databricks user. Low risk: cannot log in / no duplicate."
9755776549578381,indigo.whitfield6533@example.com,f6e3d7ea-5004-4ff8-a1ba-d5642d595389,EXTERNAL_ID_NOT_IN_IDP,"externalId not found in Entra (likely deleted user). Verify in Entra, then deactivate the stale Databricks user. Low risk: cannot log in / no duplicate."
7083304749401651,indigo.stanton6727@example.com,c4b4bd5e-bb29-46fb-a2cd-cea1b97580a5,EXTERNAL_ID_NOT_IN_IDP,"externalId not found in Entra (likely deleted user). Verify in Entra, then deactivate the stale Databricks user. Low risk: cannot log in / no duplicate."
1475881698597542,bailey.ramsey6058@example.com,6a9d3e88-bfbc-4403-af4c-7d2b382c5abd,EXTERNAL_ID_NOT_IN_IDP,"externalId not found in Entra (likely deleted user). Verify in Entra, then deactivate the stale Databricks user. Low risk: cannot log in / no duplicate."
4815130639440351,micah.granger9764@example.com,0b1be5c6-b53e-4739-ae61-282c7f144762,EXTERNAL_ID_NOT_IN_IDP,"externalId not found in Entra (likely deleted user). Verify in Entra, then deactivate the stale Databricks user. Low risk: cannot log in / no duplicate."
1849994917318990,tatum.thornton0407@example.com,28b59f04-169d-4e53-ac2f-8f36a7d8b79d,EXTERNAL_ID_NOT_IN_IDP,"externalId not found in Entra (likely deleted user). Verify in Entra, then deactivate the stale Databricks user. Low risk: cannot log in / no duplicate."
4721322857450159,sage.jennings3992@example.com,803ae46b-1183-4554-a99a-471c40ef942d,EXTERNAL_ID_NOT_IN_IDP,"externalId not found in Entra (likely deleted user). Verify in Entra, then deactivate the stale Databricks user. Low risk: cannot log in / no duplicate."
1130864383557606,blake.vance4114@example.com,7a5c9719-a4bd-4ff9-a4f8-4b3a2acb6e2c,EXTERNAL_ID_NOT_IN_IDP,"externalId not found in Entra (likely deleted user). Verify in Entra, then deactivate the stale Databricks user. Low risk: cannot log in / no duplicate."
8033394811802830,kai.oakes9438@example.com,f3c948be-ba49-46f2-a624-d54e5c62ddc7,EXTERNAL_ID_NOT_IN_IDP,"externalId not found in Entra (likely deleted user). Verify in Entra, then deactivate the stale Databricks user. Low risk: cannot log in / no duplicate."
8006733812870542,emerson.darrow6089@example.com,9db2d536-43d3-4f85-a98c-843170bf89e2,EXTERNAL_ID_NOT_IN_IDP,"externalId not found in Entra (likely deleted user). Verify in Entra, then deactivate the stale Databricks user. Low risk: cannot log in / no duplicate."
7554427972063359,ellis.pemberton4543@example.com,db1fdbaa-d72d-4410-ad42-d779e665f01f,EXTERNAL_ID_NOT_IN_IDP,"externalId not found in Entra (likely deleted user). Verify in Entra, then deactivate the stale Databricks user. Low risk: cannot log in / no duplicate."
2525505084941440,reese.yates1252@example.com,faa721a9-791c-464c-aae1-fccf1c072157,EXTERNAL_ID_NOT_IN_IDP,"externalId not found in Entra (likely deleted user). Verify in Entra, then deactivate the stale Databricks user. Low risk: cannot log in / no duplicate."
4401091012032320,finley.bancroft6755@example.com,75dc3aa5-85cb-4fc6-a481-02174aaea47f,EXTERNAL_ID_NOT_IN_IDP,"externalId not found in Entra (likely deleted user). Verify in Entra, then deactivate the stale Databricks user. Low risk: cannot log in / no duplicate."
7333894655302208,micah.underwood8583@example.com,4d888910-f629-4eea-a602-621fb2a774a9,EXTERNAL_ID_NOT_IN_IDP,"externalId not found in Entra (likely deleted user). Verify in Entra, then deactivate the stale Databricks user. Low risk: cannot log in / no duplicate."
8691597715988595,marlowe.fenwick0848@example.com,72a48d9e-1c1b-4954-ab2c-05dd288103e9,EXTERNAL_ID_NOT_IN_IDP,"externalId not found in Entra (likely deleted user). Verify in Entra, then deactivate the stale Databricks user. Low risk: cannot log in / no duplicate."
6504724096300111,marlowe.kingsley6530@example.com,1605c8b2-a6d3-4349-a9d8-861533f5455f,EXTERNAL_ID_NOT_IN_IDP,"externalId not found in Entra (likely deleted user). Verify in Entra, then deactivate the stale Databricks user. Low risk: cannot log in / no duplicate."
6377962970691132,reese.sinclair0198@example.com,d2dc4e37-2057-4e2a-a230-42f28589f34c,EXTERNAL_ID_NOT_IN_IDP,"externalId not found in Entra (likely deleted user). Verify in Entra, then deactivate the stale Databricks user. Low risk: cannot log in / no duplicate."
2415719383132118,kai.calloway2377@example.com,77b887ed-64cf-4389-a74d-8456984efbaf,EXTERNAL_ID_NOT_IN_IDP,"externalId not found in Entra (likely deleted user). Verify in Entra, then deactivate the stale Databricks user. Low risk: cannot log in / no duplicate."
5345554579830623,finley.fenwick6984@example.com,a2f57c8d-744d-4dd1-a5e3-2eed21bf554d,EXTERNAL_ID_NOT_IN_IDP,"externalId not found in Entra (likely deleted user). Verify in Entra, then deactivate the stale Databricks user. Low risk: cannot log in / no duplicate."
6335983661457447,alex.ingram7141@example.com,493794fe-e347-42ca-a67f-da2db3bfee1a,EXTERNAL_ID_NOT_IN_IDP,"externalId not found in Entra (likely deleted user). Verify in Entra, then deactivate the stale Databricks user. Low risk: cannot log in / no duplicate."
4993345238980384,devon.northcote9228@example.com,87777d53-c9e1-498d-ac2c-230401577596,EXTERNAL_ID_NOT_IN_IDP,"externalId not found in Entra (likely deleted user). Verify in Entra, then deactivate the stale Databricks user. Low risk: cannot log in / no duplicate."
2881170796655267,lane.kingsley6249@example.com,9edfa185-897b-44a1-a882-b732b12416f1,EXTERNAL_ID_NOT_IN_IDP,"externalId not found in Entra (likely deleted user). Verify in Entra, then deactivate the stale Databricks user. Low risk: cannot log in / no duplicate."
8916979494967598,sage.bancroft9450@example.com,3c3b46d1-a54f-4a8a-afb5-c153590f21bb,EXTERNAL_ID_NOT_IN_IDP,"externalId not found in Entra (likely deleted user). Verify in Entra, then deactivate the stale Databricks user. Low risk: cannot log in / no duplicate."
9154406769327908,cameron.ramsey7860@example.com,a978ff71-90c5-4fd6-a779-d0cc690d625d,EXTERNAL_ID_NOT_IN_IDP,"externalId not found in Entra (likely deleted user). Verify in Entra, then deactivate the stale Databricks user. Low risk: cannot log in / no duplicate."
3218892922835506,skyler.calloway1179@example.com,d4803f7f-e5b6-46bb-a156-ca2091cfb470,EXTERNAL_ID_NOT_IN_IDP,"externalId not found in Entra (likely deleted user). Verify in Entra, then deactivate the stale Databricks user. Low risk: cannot log in / no duplicate."
8027723239404444,blake.oakes2860@example.com,7c61b525-c001-4391-a0a4-f1ce00d00e93,EXTERNAL_ID_NOT_IN_IDP,"externalId not found in Entra (likely deleted user). Verify in Entra, then deactivate the stale Databricks user. Low risk: cannot log in / no duplicate."
6777604621786627,finley.sinclair1238@example.com,18c56d0b-488e-4871-a420-76754575910c,EXTERNAL_ID_NOT_IN_IDP,"externalId not found in Entra (likely deleted user). Verify in Entra, then deactivate the stale Databricks user. Low risk: cannot log in / no duplicate."
8566162548836767,dakota.sinclair3414@example.com,efe9f456-1d09-472e-a1f6-064fbeaefdb0,EXTERNAL_ID_NOT_IN_IDP,"externalId not found in Entra (likely deleted user). Verify in Entra, then deactivate the stale Databricks user. Low risk: cannot log in / no duplicate."
1474775358882352,sawyer.delaney2960@example.com,3d19f7c5-0f0b-4849-a516-0ffacebbfe8f,EXTERNAL_ID_NOT_IN_IDP,"externalId not found in Entra (likely deleted user). Verify in Entra, then deactivate the stale Databricks user. Low risk: cannot log in / no duplicate."
9596958422818876,marlowe.abbott7296@example.com,67560540-f293-4990-a015-7a2c75adb310,EXTERNAL_ID_NOT_IN_IDP,"externalId not found in Entra (likely deleted user). Verify in Entra, then deactivate the stale Databricks user. Low risk: cannot log in / no duplicate."
4152738122877762,riley.prescott8366@example.com,5ebe05df-f295-4952-a068-8bdbb5d543c0,EXTERNAL_ID_NOT_IN_IDP,"externalId not found in Entra (likely deleted user). Verify in Entra, then deactivate the stale Databricks user. Low risk: cannot log in / no duplicate."
6449819211594522,oakley.eastwood2406@example.com,86bd8f8a-b04d-43b0-a364-bb796c99fed6,EXTERNAL_ID_NOT_IN_IDP,"externalId not found in Entra (likely deleted user). Verify in Entra, then deactivate the stale Databricks user. Low risk: cannot log in / no duplicate."
8800587509772742,jordan.lockwood6301@example.com,e328182a-01c4-4477-ab2f-b72149e05ec1,EXTERNAL_ID_NOT_IN_IDP,"externalId not found in Entra (likely deleted user). Verify in Entra, then deactivate the stale Databricks user. Low risk: cannot log in / no duplicate."
6738351145888114,tanner.lockwood4979@example.com,6c143203-2cc4-4673-a6d8-cf6bc2267c1e,EXTERNAL_ID_NOT_IN_IDP,"externalId not found in Entra (likely deleted user). Verify in Entra, then deactivate the stale Databricks user. Low risk: cannot log in / no duplicate."
4609215407277376,bailey.granger5593@example.com,15d02016-28d1-45ea-ae6b-03728c3782c1,EXTERNAL_ID_NOT_IN_IDP,"externalId not found in Entra (likely deleted user). Verify in Entra, then deactivate the stale Databricks user. Low risk: cannot log in / no duplicate."
6993559849055259,gray.yates5128@example.com,bd29982f-158b-4170-af4a-78bad51ef7fe,EXTERNAL_ID_NOT_IN_IDP,"externalId not found in Entra (likely deleted user). Verify in Entra, then deactivate the stale Databricks user. Low risk: cannot log in / no duplicate."
4350337244975501,reese.ormsby0752@example.com,b93f41a3-a068-4535-adb4-6968e88084e8,EXTERNAL_ID_NOT_IN_IDP,"externalId not found in Entra (likely deleted user). Verify in Entra, then deactivate the stale Databricks user. Low risk: cannot log in / no duplicate."
3879162810136786,emerson.vance6252@example.com,24adab1a-66a8-47ac-a2e1-3122942f7396,EXTERNAL_ID_NOT_IN_IDP,"externalId not found in Entra (likely deleted user). Verify in Entra, then deactivate the stale Databricks user. Low risk: cannot log in / no duplicate."
3962426328427603,parker.brennan3241@example.com,1a07ef74-f00f-4c75-a0da-9cdb08b14b84,EXTERNAL_ID_NOT_IN_IDP,"externalId not found in Entra (likely deleted user). Verify in Entra, then deactivate the stale Databricks user. Low risk: cannot log in / no duplicate."
4623022058493153,wren.lockwood2514@example.com,0fb6a10f-e5ed-4629-a02e-39258e0165be,EXTERNAL_ID_NOT_IN_IDP,"externalId not found in Entra (likely deleted user). Verify in Entra, then deactivate the stale Databricks user. Low risk: cannot log in / no duplicate."
5404793283180066,alex.kingsley2997@example.com,d8c9e1af-1961-43d4-aa00-3d2d79955565,EXTERNAL_ID_NOT_IN_IDP,"externalId not found in Entra (likely deleted user). Verify in Entra, then deactivate the stale Databricks user. Low risk: cannot log in / no duplicate."
2023467302114014,finley.fenwick2560@example.com,89e7ae91-4201-401d-a712-fba30ffa6d21,EXTERNAL_ID_NOT_IN_IDP,"externalId not found in Entra (likely deleted user). Verify in Entra, then deactivate the stale Databricks user. Low risk: cannot log in / no duplicate."
8372989623479503,sage.delaney1796@example.com,0addc074-78d6-4362-abb1-c93a6771c093,EXTERNAL_ID_NOT_IN_IDP,"externalId not found in Entra (likely deleted user). Verify in Entra, then deactivate the stale Databricks user. Low risk: cannot log in / no duplicate."
8004001367731360,skyler.pemberton5527@example.com,29d89b6b-7ad8-4c79-a590-9d37f014f41d,EXTERNAL_ID_NOT_IN_IDP,"externalId not found in Entra (likely deleted user). Verify in Entra, then deactivate the stale Databricks user. Low risk: cannot log in / no duplicate."
7428016483844006,ellis.marchetti1949@example.com,9c4dda5c-54e1-497f-ace5-8a40e396fda1,EXTERNAL_ID_NOT_IN_IDP,"externalId not found in Entra (likely deleted user). Verify in Entra, then deactivate the stale Databricks user. Low risk: cannot log in / no duplicate."
8686277145832728,hayden.hollister8901@example.com,6ea84577-95c3-4051-af8f-8cd10133e7a4,EXTERNAL_ID_NOT_IN_IDP,"externalId not found in Entra (likely deleted user). Verify in Entra, then deactivate the stale Databricks user. Low risk: cannot log in / no duplicate."
1910015060949352,lane.ramsey8907@example.com,9d98dfd6-c97f-4fe3-ad6d-9c446fa51be8,EXTERNAL_ID_NOT_IN_IDP,"externalId not found in Entra (likely deleted user). Verify in Entra, then deactivate the stale Databricks user. Low risk: cannot log in / no duplicate."
6132202693398409,avery.ormsby0505@example.com,e512a979-ba3a-455a-aed5-4ee88ab199b7,EXTERNAL_ID_NOT_IN_IDP,"externalId not found in Entra (likely deleted user). Verify in Entra, then deactivate the stale Databricks user. Low risk: cannot log in / no duplicate."
